#,#,#,2,2,2,2,2,2,2,2,2,2,2,2,2,2,2,2,2,2,5,5,5,11,11,15,15,15,15,15,15,15,15,15,15,15,15,15,15,15,15,15,15,15,15,15,15,16,16,16,17,17,17,18,19,19,19,20,20,20,20,20,20,
#,#,#,Name,File path,Created on,Studiable type,Axis name - X,Axis length - X,Axis size - X,Axis spacing - X,Axis name - Y,Axis length - Y,Axis size - Y,Axis spacing - Y,Axis name - Z,Layer type - Z,Axis length - Z,Axis size - Z,Axis spacing - Z,NM-points ratio - Z,Name,Axis spacing - X,Axis spacing - Y,Name,NM-points ratio - Z,Sq,Ssk,Sku,Sp,Sv,Sz,Sa,Smr (c = 1 µm below highest peak),Smc (p = 10%),Sxp (p = 50%  q = 97.5%),Sal (s = 0.2),Str (s = 0.2),Std (Reference angle = 0°),Ssw,Sdq,Sdr,Vm (p = 10%),Vv (p = 10%),Vmp (p = 10%),Vmc (p = 10%  q = 80%),Vvc (p = 10%  q = 80%),Vvv (p = 80%),Maximum depth of furrows,Mean depth of furrows,Mean density of furrows,First direction,Second direction,Third direction,Texture isotropy,Number of points,Length-scale anisotropy (Sfrax) (epLsar),Length-scale anisotropy (NewEplsar),Number of points,Reg. coefficient R²,Fractal complexity (Asfc),Scale of max complexity (Smfc),HAsfc9 (HAsfc9),HAsfc81 (HAsfc81),
#,#,#,<no unit>,<no unit>,<no unit>,<no unit>,<no unit>,µm,points,µm,<no unit>,µm,points,µm,<no unit>,<no unit>,µm,digits,µm,%,<no unit>,µm,µm,<no unit>,%,µm,<no unit>,<no unit>,µm,µm,µm,µm,%,µm,µm,µm,<no unit>,°,µm,<no unit>,%,µm³/µm²,µm³/µm²,µm³/µm²,µm³/µm²,µm³/µm²,µm³/µm²,µm,µm,cm/cm2,°,°,°,%,<no unit>,<no unit>,<no unit>,<no unit>,<no unit>,<no unit>,µm²,<no unit>,<no unit>,
2023/06/06,09:30:35,D:\Data\DMTA-sharks_MerleGreif\analysis\EAVP\DMTAsharks_EAVP_processing_20x --- C.con_A - CC_A_loc1_20x_meas1.mnt,CC_A_loc1_20x_meas1,D:\Data\DMTA-sharks_MerleGreif\C.con_A\CC_A_loc1_20x_meas1.plux,04/05/2023 10:46:28,Surface+image,X,876.5549741,1360,0.6449999809,Y,659.8349805,1024,0.6449999809,Z,Topography,288.31106,28831106,1e-05,8.004437615,CC_A_loc1_20x_meas1 > Topography layer,0.6449999809,0.6449999809,CC_A_loc1_20x_meas1 > Topography layer > Leveled (LS-plane) > Waviness (S-F) (Robust Gaussian  order 0  2.500 µm) > Form removed (LS-poly 2) > Outliers removed > Thresholded (0.1000 % ; 99.90 %),12.53597484,7.283898596,0.8300851265,3.150190549,22.04176,17.87937,39.92113,5.800399284,0.1894797908,11.42281603,8.719022467,91.81795286,*****,58.5110445,3.294734756,0.2516132152,2.969515205,0.4188576829,11.84167445,0.4188576829,5.853783627,11.35490637,0.4867680817,41.48378,18.82234901,1353.924252,89.99845217,37.00582904,56.52640186,20.95764058,200,0.003465574812,0.01632353201,200,0.9991345369,6.642577214,12.86063992,0.363790019,0.4857648111,
2023/06/06,09:31:26,D:\Data\DMTA-sharks_MerleGreif\analysis\EAVP\DMTAsharks_EAVP_processing_20x --- C.con_A - CC_A_loc1_20x_meas2.mnt,CC_A_loc1_20x_meas2,D:\Data\DMTA-sharks_MerleGreif\C.con_A\CC_A_loc1_20x_meas2.plux,04/05/2023 10:50:56,Surface+image,X,876.5549741,1360,0.6449999809,Y,659.8349805,1024,0.6449999809,Z,Topography,288.9512,28895120,1e-05,7.485279756,CC_A_loc1_20x_meas2 > Topography layer,0.6449999809,0.6449999809,CC_A_loc1_20x_meas2 > Topography layer > Leveled (LS-plane) > Waviness (S-F) (Robust Gaussian  order 0  2.500 µm) > Form removed (LS-poly 2) > Outliers removed > Thresholded (0.1000 % ; 99.90 %),11.62748449,7.291345911,0.8135181382,3.143031876,22.00562,19.03402,41.03964,5.802569308,0.1831192333,11.44755672,8.835691013,91.52523204,*****,58.74993215,3.294734756,0.256546437,3.077961634,0.4139914097,11.86154823,0.4139914097,5.876793133,11.36513687,0.4964113607,39.054195,18.34161537,1318.768123,90.00131652,37.00101484,56.51804076,20.96000293,200,0.003372057825,0.01638855856,200,0.9993821786,6.88219875,12.86063992,0.3629004051,0.4593461291,
2023/06/06,09:32:24,D:\Data\DMTA-sharks_MerleGreif\analysis\EAVP\DMTAsharks_EAVP_processing_20x --- C.con_A - CC_A_loc1_20x_meas3.mnt,CC_A_loc1_20x_meas3,D:\Data\DMTA-sharks_MerleGreif\C.con_A\CC_A_loc1_20x_meas3.plux,04/05/2023 10:54:52,Surface+image,X,876.5549741,1360,0.6449999809,Y,659.8349805,1024,0.6449999809,Z,Topography,290.95089,29095089,1e-05,7.40033318,CC_A_loc1_20x_meas3 > Topography layer,0.6449999809,0.6449999809,CC_A_loc1_20x_meas3 > Topography layer > Leveled (LS-plane) > Waviness (S-F) (Robust Gaussian  order 0  2.500 µm) > Form removed (LS-poly 2) > Outliers removed > Thresholded (0.1000 % ; 99.90 %),11.53262868,7.299769434,0.793751441,3.13368115,21.94729,19.59701,41.5443,5.808929293,0.178916662,11.42032203,8.937201172,91.2669927,*****,58.50947814,3.294734756,0.2573718105,3.094444252,0.4132980737,11.83361608,0.4132980737,5.893694295,11.3269657,0.5066503792,36.91157,18.30324548,1322.120655,90.0097267,37.00584615,56.52724758,20.91598077,200,0.003303745105,0.01641245114,200,0.9991485421,7.008047536,12.86063992,0.369931044,0.4620557855,
2023/06/06,09:37:14,D:\Data\DMTA-sharks_MerleGreif\analysis\EAVP\DMTAsharks_EAVP_processing_20x --- C.con_A - CC_A_loc2_20x_meas1.mnt,CC_A_loc2_20x_meas1,D:\Data\DMTA-sharks_MerleGreif\C.con_A\CC_A_loc2_20x_meas1.plux,04/05/2023 11:07:29,Surface+image,X,876.5549741,1360,0.6449999809,Y,659.8349805,1024,0.6449999809,Z,Topography,397.0155,39701550,1e-05,17.44298598,CC_A_loc2_20x_meas1 > Topography layer,0.6449999809,0.6449999809,CC_A_loc2_20x_meas1 > Topography layer > Leveled (LS-plane) > Waviness (S-F) (Robust Gaussian  order 0  2.500 µm) > Form removed (LS-poly 2) > Outliers removed > Thresholded (0.1000 % ; 99.90 %),23.11121324,4.156065202,0.07862128448,3.385310554,13.25282,12.08426,25.33708,3.206180789,0.2665168817,5.165735915,8.76855092,103.8043847,0.6688977524,84.75993651,4.392979675,0.2825511224,3.760748152,0.2496740951,5.415414237,0.2496740951,3.506463768,4.917986232,0.4974280048,26.019535,11.96297054,1630.213607,89.97788963,143.0060098,123.4466092,23.48963199,200,0.003031213385,0.01682147127,200,0.9994441087,9.013476046,12.86063992,0.1684859083,0.2479349007,
2023/06/06,09:42:05,D:\Data\DMTA-sharks_MerleGreif\analysis\EAVP\DMTAsharks_EAVP_processing_20x --- C.con_A - CC_A_loc2_20x_meas2.mnt,CC_A_loc2_20x_meas2,D:\Data\DMTA-sharks_MerleGreif\C.con_A\CC_A_loc2_20x_meas2.plux,04/05/2023 11:13:35,Surface+image,X,876.5549741,1360,0.6449999809,Y,659.8349805,1024,0.6449999809,Z,Topography,398.28549,39828549,1e-05,17.50323127,CC_A_loc2_20x_meas2 > Topography layer,0.6449999809,0.6449999809,CC_A_loc2_20x_meas2 > Topography layer > Leveled (LS-plane) > Waviness (S-F) (Robust Gaussian  order 0  2.500 µm) > Form removed (LS-poly 2) > Outliers removed > Thresholded (0.1000 % ; 99.90 %),23.19300034,4.151320134,0.08953331126,3.372166873,13.25175,12.0453,25.29705,3.205475208,0.272055691,5.180450602,8.715243235,103.9997119,0.669827851,84.75681039,4.392979675,0.2827941372,3.770827458,0.2492267489,5.429674246,0.2492267489,3.504600601,4.935559399,0.4941148472,26.17369,11.95183855,1624.918977,89.99584619,142.9959438,36.98638529,23.90048374,200,0.002912573862,0.01681411698,200,0.9990381013,9.012213439,12.86063992,0.1777462867,0.2436039122,
2023/06/06,09:46:56,D:\Data\DMTA-sharks_MerleGreif\analysis\EAVP\DMTAsharks_EAVP_processing_20x --- C.con_A - CC_A_loc2_20x_meas3.mnt,CC_A_loc2_20x_meas3,D:\Data\DMTA-sharks_MerleGreif\C.con_A\CC_A_loc2_20x_meas3.plux,04/05/2023 11:20:10,Surface+image,X,876.5549741,1360,0.6449999809,Y,659.8349805,1024,0.6449999809,Z,Topography,398.95358,39895358,1e-05,17.535544,CC_A_loc2_20x_meas3 > Topography layer,0.6449999809,0.6449999809,CC_A_loc2_20x_meas3 > Topography layer > Leveled (LS-plane) > Waviness (S-F) (Robust Gaussian  order 0  2.500 µm) > Form removed (LS-poly 2) > Outliers removed > Thresholded (0.1000 % ; 99.90 %),23.24979894,4.15492554,0.09596102145,3.368310572,13.34997,12.09389,25.44386,3.21122201,0.2477750981,5.178408452,8.700284256,104.2985194,0.6698105895,84.99555071,4.392979675,0.2828066798,3.769602972,0.2506585726,5.429069076,0.2506585726,3.505561804,4.936738196,0.4923308797,25.71173222,12.01229031,1626.666606,89.98307408,36.99646421,142.9999047,24.18518482,200,0.002913404176,0.01681476372,200,0.9988713686,8.943922696,12.86063992,0.1757853765,0.2400503472,
2023/06/06,09:51:48,D:\Data\DMTA-sharks_MerleGreif\analysis\EAVP\DMTAsharks_EAVP_processing_20x --- C.con_A - CC_A_loc3_20x_meas1.mnt,CC_A_loc3_20x_meas1,D:\Data\DMTA-sharks_MerleGreif\C.con_A\CC_A_loc3_20x_meas1.plux,04/05/2023 11:54:12,Surface+image,X,876.5549741,1360,0.6449999809,Y,659.8349805,1024,0.6449999809,Z,Topography,446.1752,44617520,1e-05,8.597483915,CC_A_loc3_20x_meas1 > Topography layer,0.6449999809,0.6449999809,CC_A_loc3_20x_meas1 > Topography layer > Leveled (LS-plane) > Waviness (S-F) (Robust Gaussian  order 0  2.500 µm) > Form removed (LS-poly 2) > Outliers removed > Thresholded (0.1000 % ; 99.90 %),13.5795324,7.914668182,-0.7136601959,4.114783073,17.45352,33.2906,50.74412,6.090216984,0.3189856041,9.808675221,19.25844352,66.25626117,*****,3.744904233,4.392979675,0.3303469567,4.980405779,0.2313396325,10.04001375,0.2313396325,6.486713922,8.822106078,1.217907669,47.2086,16.9466616,1442.806651,143.0151507,0.005209026365,20.77105815,9.822906331,200,0.002126111622,0.01805046735,200,0.9990356887,9.347935664,12.01980586,0.2647109718,0.3678391583,
2023/06/06,09:56:39,D:\Data\DMTA-sharks_MerleGreif\analysis\EAVP\DMTAsharks_EAVP_processing_20x --- C.con_A - CC_A_loc3_20x_meas2.mnt,CC_A_loc3_20x_meas2,D:\Data\DMTA-sharks_MerleGreif\C.con_A\CC_A_loc3_20x_meas2.plux,04/05/2023 12:00:28,Surface+image,X,876.5549741,1360,0.6449999809,Y,659.8349805,1024,0.6449999809,Z,Topography,447.07843,44707843,1e-05,8.525534237,CC_A_loc3_20x_meas2 > Topography layer,0.6449999809,0.6449999809,CC_A_loc3_20x_meas2 > Topography layer > Leveled (LS-plane) > Waviness (S-F) (Robust Gaussian  order 0  2.500 µm) > Form removed (LS-poly 2) > Outliers removed > Thresholded (0.1000 % ; 99.90 %),13.46694049,7.893986273,-0.7167973882,4.132465723,17.44611,33.43865,50.88476,6.071195535,0.3033369093,9.780486482,19.17417942,66.14596499,*****,3.748650374,4.392979675,0.3298291439,4.968547458,0.2311004362,10.0115864,0.2311004362,6.460802181,8.795537819,1.216048577,46.97572,16.92468902,1441.744766,143.0132541,0.01639775815,20.77608689,9.799016045,200,0.00211375009,0.01803860339,200,0.9989789393,9.230162686,12.01980586,0.2760560318,0.3636080105,
2023/06/06,10:01:31,D:\Data\DMTA-sharks_MerleGreif\analysis\EAVP\DMTAsharks_EAVP_processing_20x --- C.con_A - CC_A_loc3_20x_meas3.mnt,CC_A_loc3_20x_meas3,D:\Data\DMTA-sharks_MerleGreif\C.con_A\CC_A_loc3_20x_meas3.plux,04/05/2023 12:06:46,Surface+image,X,876.5549741,1360,0.6449999809,Y,659.8349805,1024,0.6449999809,Z,Topography,448.54797,44854797,1e-05,8.498319738,CC_A_loc3_20x_meas3 > Topography layer,0.6449999809,0.6449999809,CC_A_loc3_20x_meas3 > Topography layer > Leveled (LS-plane) > Waviness (S-F) (Robust Gaussian  order 0  2.500 µm) > Form removed (LS-poly 2) > Outliers removed > Thresholded (0.1000 % ; 99.90 %),13.44475241,7.873889608,-0.722214999,4.156843421,17.41724,33.6139,51.03114,6.052805847,0.3044180375,9.755109429,19.07522626,66.07591064,*****,3.746720391,4.392979675,0.3302167833,4.977515065,0.2300958521,9.985204453,0.2300958521,6.431169879,8.769410121,1.215794332,47.53151,16.91223039,1442.744911,143.0131776,0.00439433679,20.77061939,9.81177633,200,0.002132730595,0.01802710396,200,0.9988598332,9.392765757,11.23394588,0.267592663,0.3504631823,
2023/06/06,10:06:22,D:\Data\DMTA-sharks_MerleGreif\analysis\EAVP\DMTAsharks_EAVP_processing_20x --- C.con_B - CC_B_loc1_20x_meas1.mnt,CC_B_loc1_20x_meas1,D:\Data\DMTA-sharks_MerleGreif\C.con_B\CC_B_loc1_20x_meas1.plux,04/05/2023 12:58:56,Surface+image,X,876.5549741,1360,0.6449999809,Y,659.8349805,1024,0.6449999809,Z,Topography,164.64087,16464087,1e-05,4.437902114,CC_B_loc1_20x_meas1 > Topography layer,0.6449999809,0.6449999809,CC_B_loc1_20x_meas1 > Topography layer > Leveled (LS-plane) > Waviness (S-F) (Robust Gaussian  order 0  2.500 µm) > Form removed (LS-poly 2) > Outliers removed > Thresholded (0.1000 % ; 99.90 %),7.067583869,5.391101603,-0.5284463089,2.762718304,11.51697,17.61028,29.12725,4.385356351,0.3699372826,6.418333022,12.72925162,49.42794285,0.2421394857,106.9938689,3.294734756,0.2679572763,3.310797894,0.1527223403,6.57105559,0.1527223403,5.395062129,5.876827871,0.6942277185,27.8523725,10.19693905,1174.850772,112.2716021,107.0301405,89.98605155,*****,200,0.003584599848,0.01627382416,200,0.9991664162,6.297342118,9.171427778,0.330438166,0.3986154496,
2023/06/06,10:11:14,D:\Data\DMTA-sharks_MerleGreif\analysis\EAVP\DMTAsharks_EAVP_processing_20x --- C.con_B - CC_B_loc1_20x_meas2.mnt,CC_B_loc1_20x_meas2,D:\Data\DMTA-sharks_MerleGreif\C.con_B\CC_B_loc1_20x_meas2.plux,04/05/2023 13:02:00,Surface+image,X,876.5549741,1360,0.6449999809,Y,659.8349805,1024,0.6449999809,Z,Topography,164.72791,16472791,1e-05,4.598819508,CC_B_loc1_20x_meas2 > Topography layer,0.6449999809,0.6449999809,CC_B_loc1_20x_meas2 > Topography layer > Leveled (LS-plane) > Waviness (S-F) (Robust Gaussian  order 0  2.500 µm) > Form removed (LS-poly 2) > Outliers removed > Thresholded (0.1000 % ; 99.90 %),7.284294577,5.429365183,-0.5490169005,2.923526942,11.67059,18.98134,30.65193,4.377733684,0.3863176735,6.467940474,12.79293885,49.94924065,0.2541390273,106.9917204,3.294734756,0.2733159248,3.432888816,0.1635102659,6.631446978,0.1635102659,5.340183849,5.917076151,0.7143708271,27.44357667,10.21438985,1178.606974,112.265983,107.0260221,89.98883064,*****,200,0.003090521286,0.01652466718,200,0.9990242871,6.474328139,9.171427778,0.3945460177,0.4737665537,
2023/06/06,10:16:04,D:\Data\DMTA-sharks_MerleGreif\analysis\EAVP\DMTAsharks_EAVP_processing_20x --- C.con_B - CC_B_loc1_20x_meas3.mnt,CC_B_loc1_20x_meas3,D:\Data\DMTA-sharks_MerleGreif\C.con_B\CC_B_loc1_20x_meas3.plux,04/05/2023 13:04:42,Surface+image,X,876.5549741,1360,0.6449999809,Y,659.8349805,1024,0.6449999809,Z,Topography,163.67195,16367195,1e-05,4.739272174,CC_B_loc1_20x_meas3 > Topography layer,0.6449999809,0.6449999809,CC_B_loc1_20x_meas3 > Topography layer > Leveled (LS-plane) > Waviness (S-F) (Robust Gaussian  order 0  2.500 µm) > Form removed (LS-poly 2) > Outliers removed > Thresholded (0.1000 % ; 99.90 %),7.479463465,5.443296046,-0.5533583315,2.98338258,11.8937,18.72157,30.61527,4.368975486,0.3437714106,6.458704504,12.91034498,50.48218461,0.2563538548,106.7552835,3.294734756,0.2756571341,3.481493116,0.1698738221,6.628582932,0.1698738221,5.303153603,5.906146397,0.7224365356,27.93735,10.33529629,1184.093733,114.0470214,107.0156279,89.99734489,*****,200,0.002992164736,0.01689236826,200,0.9990844008,6.610388459,9.171427778,0.4100632969,0.496802365,
2023/06/06,10:20:54,D:\Data\DMTA-sharks_MerleGreif\analysis\EAVP\DMTAsharks_EAVP_processing_20x --- C.con_B - CC_B_loc2_20x_meas1.mnt,CC_B_loc2_20x_meas1,D:\Data\DMTA-sharks_MerleGreif\C.con_B\CC_B_loc2_20x_meas1.plux,04/05/2023 13:22:41,Surface+image,X,876.5549741,1360,0.6449999809,Y,659.8349805,1024,0.6449999809,Z,Topography,61.877629,61877629,1e-06,0.6450338925,CC_B_loc2_20x_meas1 > Topography layer,0.6449999809,0.6449999809,CC_B_loc2_20x_meas1 > Topography layer > Leveled (LS-plane) > Waviness (S-F) (Robust Gaussian  order 0  2.500 µm) > Form removed (LS-poly 2) > Outliers removed > Thresholded (0.1000 % ; 99.90 %),1.548641429,3.812817167,-0.2582647631,3.040478663,12.675167,12.246843,24.92201,3.010089658,0.05951543062,4.849032183,8.469783151,74.41928043,0.5539008184,100.0144716,4.392979675,0.2275006767,2.395720749,0.1471204719,4.996152681,0.1471204719,3.311604947,4.475210053,0.5209426285,14.217257,3.632181478,986.8927775,114.0178239,101.3848766,106.9970414,18.08597872,200,0.001686337603,0.01709972124,200,0.9992245461,4.213369871,9.813006266,0.2784421484,0.5725003771,
2023/06/06,10:25:43,D:\Data\DMTA-sharks_MerleGreif\analysis\EAVP\DMTAsharks_EAVP_processing_20x --- C.con_B - CC_B_loc2_20x_meas2.mnt,CC_B_loc2_20x_meas2,D:\Data\DMTA-sharks_MerleGreif\C.con_B\CC_B_loc2_20x_meas2.plux,04/05/2023 13:24:45,Surface+image,X,876.5549741,1360,0.6449999809,Y,659.8349805,1024,0.6449999809,Z,Topography,61.393108,61393108,1e-06,0.6451056985,CC_B_loc2_20x_meas2 > Topography layer,0.6449999809,0.6449999809,CC_B_loc2_20x_meas2 > Topography layer > Leveled (LS-plane) > Waviness (S-F) (Robust Gaussian  order 0  2.500 µm) > Form removed (LS-poly 2) > Outliers removed > Thresholded (0.1000 % ; 99.90 %),1.543758617,3.828599136,-0.2500004208,3.051719939,13.194509,12.259747,25.454256,3.024179695,0.06553555256,4.844831811,8.504251035,76.06079042,0.5588542646,100.0159072,4.392979675,0.2275265694,2.396174754,0.1497870801,4.994618861,0.1497870801,3.333089314,4.473376686,0.5212421743,14.0932775,3.63108071,985.8758419,114.0193366,101.3800939,106.997887,18.18272581,200,0.001683541597,0.01711588098,200,0.9986755725,4.181271638,9.171427778,0.2837376365,0.5886051669,
2023/06/06,10:30:32,D:\Data\DMTA-sharks_MerleGreif\analysis\EAVP\DMTAsharks_EAVP_processing_20x --- C.con_B - CC_B_loc2_20x_meas3.mnt,CC_B_loc2_20x_meas3,D:\Data\DMTA-sharks_MerleGreif\C.con_B\CC_B_loc2_20x_meas3.plux,04/05/2023 13:26:37,Surface+image,X,876.5549741,1360,0.6449999809,Y,659.8349805,1024,0.6449999809,Z,Topography,58.640808,58640808,1e-06,0.6343347886,CC_B_loc2_20x_meas3 > Topography layer,0.6449999809,0.6449999809,CC_B_loc2_20x_meas3 > Topography layer > Leveled (LS-plane) > Waviness (S-F) (Robust Gaussian  order 0  2.500 µm) > Form removed (LS-poly 2) > Outliers removed > Thresholded (0.1000 % ; 99.90 %),1.529900046,3.835454571,-0.2374999943,3.056677782,13.861,12.122121,25.983121,3.029953946,0.03624208253,4.832574737,8.499293343,77.44266873,0.5635176023,100.0141027,4.392979675,0.2271956801,2.388275803,0.1529777179,4.985552664,0.1529777179,3.340961754,4.465460246,0.5200924174,14.3043418,3.607164742,988.661278,114.0096546,101.3838341,106.9971328,18.2038201,200,0.001626999185,0.01712404981,200,0.9989754856,4.158484581,9.171427778,0.2987776885,0.581520036,
2023/06/06,10:35:24,D:\Data\DMTA-sharks_MerleGreif\analysis\EAVP\DMTAsharks_EAVP_processing_20x --- C.con_B - CC_B_loc3_20x_meas1.mnt,CC_B_loc3_20x_meas1,D:\Data\DMTA-sharks_MerleGreif\C.con_B\CC_B_loc3_20x_meas1.plux,04/05/2023 13:47:24,Surface+image,X,876.5549741,1360,0.6449999809,Y,659.8349805,1024,0.6449999809,Z,Topography,228.01991,22801991,1e-05,5.34244313,CC_B_loc3_20x_meas1 > Topography layer,0.6449999809,0.6449999809,CC_B_loc3_20x_meas1 > Topography layer > Leveled (LS-plane) > Waviness (S-F) (Robust Gaussian  order 0  2.500 µm) > Form removed (LS-poly 2) > Outliers removed > Thresholded (0.1000 % ; 99.90 %),9.126838235,6.336527321,-1.088399502,4.29688709,12.55602,23.19778,35.7538,4.818758883,0.09427221399,6.945326773,18.21295098,87.12034723,*****,133.2523261,4.392979675,0.2519014183,2.966529305,0.1471005432,7.092428865,0.1471005432,4.99106795,5.89029205,1.202136816,24.94457,10.01698165,1317.8997,37.00402445,26.77148376,131.4615542,19.52852712,200,0.002369698776,0.01709523645,200,0.9991328015,5.982883813,9.813006266,0.2785491455,0.3493210697,
2023/06/06,10:40:15,D:\Data\DMTA-sharks_MerleGreif\analysis\EAVP\DMTAsharks_EAVP_processing_20x --- C.con_B - CC_B_loc3_20x_meas2.mnt,CC_B_loc3_20x_meas2,D:\Data\DMTA-sharks_MerleGreif\C.con_B\CC_B_loc3_20x_meas2.plux,04/05/2023 13:50:53,Surface+image,X,876.5549741,1360,0.6449999809,Y,659.8349805,1024,0.6449999809,Z,Topography,227.8182,22781820,1e-05,5.322481043,CC_B_loc3_20x_meas2 > Topography layer,0.6449999809,0.6449999809,CC_B_loc3_20x_meas2 > Topography layer > Leveled (LS-plane) > Waviness (S-F) (Robust Gaussian  order 0  2.500 µm) > Form removed (LS-poly 2) > Outliers removed > Thresholded (0.1000 % ; 99.90 %),9.128848805,6.334962192,-1.09091714,4.296425305,12.51111,23.16361,35.67472,4.816534286,0.08434683396,6.945177367,18.21342084,87.19544262,*****,133.2549998,4.392979675,0.2517819812,2.960553064,0.1458004863,7.090975236,0.1458004863,4.988895896,5.887834104,1.203141133,24.563355,10.00464366,1319.784361,37.00678215,26.77514287,131.4573849,19.41802015,200,0.002348136575,0.01710420123,200,0.9991545408,5.950278335,9.813006266,0.2988287159,0.3551635054,
2023/06/06,10:45:04,D:\Data\DMTA-sharks_MerleGreif\analysis\EAVP\DMTAsharks_EAVP_processing_20x --- C.con_B - CC_B_loc3_20x_meas3.mnt,CC_B_loc3_20x_meas3,D:\Data\DMTA-sharks_MerleGreif\C.con_B\CC_B_loc3_20x_meas3.plux,04/05/2023 13:54:20,Surface+image,X,876.5549741,1360,0.6449999809,Y,659.8349805,1024,0.6449999809,Z,Topography,227.78164,22778164,1e-05,5.324635225,CC_B_loc3_20x_meas3 > Topography layer,0.6449999809,0.6449999809,CC_B_loc3_20x_meas3 > Topography layer > Leveled (LS-plane) > Waviness (S-F) (Robust Gaussian  order 0  2.500 µm) > Form removed (LS-poly 2) > Outliers removed > Thresholded (0.1000 % ; 99.90 %),9.105511834,6.337307547,-1.090393233,4.293593273,12.62125,23.15836,35.77961,4.818539814,0.07081850159,6.945673816,18.22120569,87.23983302,*****,133.2536348,4.392979675,0.2518864342,2.963263498,0.1461907164,7.091867199,0.1461907164,4.996621617,5.889688383,1.202178816,24.57292,10.04759269,1314.997648,37.00685363,26.77662368,131.4536464,19.45594232,200,0.002289125848,0.01707867967,200,0.9991850193,6.004856041,12.01980586,0.2849525284,0.3549543823,
2023/06/06,10:49:53,D:\Data\DMTA-sharks_MerleGreif\analysis\EAVP\DMTAsharks_EAVP_processing_20x --- C.con_B - CC_B_loc4_20x_meas1.mnt,CC_B_loc4_20x_meas1,D:\Data\DMTA-sharks_MerleGreif\C.con_B\CC_B_loc4_20x_meas1.plux,04/05/2023 14:16:10,Surface+image,X,876.5549741,1360,0.6449999809,Y,659.8349805,1024,0.6449999809,Z,Topography,290.4385,29043850,1e-05,15.29627183,CC_B_loc4_20x_meas1 > Topography layer,0.6449999809,0.6449999809,CC_B_loc4_20x_meas1 > Topography layer > Leveled (LS-plane) > Waviness (S-F) (Robust Gaussian  order 0  2.500 µm) > Form removed (LS-poly 2) > Outliers removed > Thresholded (0.1000 % ; 99.90 %),19.23928653,6.25511832,0.006277013638,2.797579355,17.05748,17.70771,34.76519,5.042135,0.1580103946,8.276945237,12.87856584,56.0148811,0.3080420817,84.52024059,4.392979675,0.2906352873,3.944337621,0.2701670683,8.54710825,0.2701670683,5.740851234,7.899138766,0.6479694849,36.83985,15.00229757,1380.731086,89.98460544,84.31362889,95.73648142,*****,200,0.006503492718,0.01492259668,200,0.9989165913,6.988740501,13.76029373,0.1024300263,0.2268309218,
2023/06/06,10:54:43,D:\Data\DMTA-sharks_MerleGreif\analysis\EAVP\DMTAsharks_EAVP_processing_20x --- C.con_B - CC_B_loc4_20x_meas2.mnt,CC_B_loc4_20x_meas2,D:\Data\DMTA-sharks_MerleGreif\C.con_B\CC_B_loc4_20x_meas2.plux,04/05/2023 14:20:53,Surface+image,X,876.5549741,1360,0.6449999809,Y,659.8349805,1024,0.6449999809,Z,Topography,288.83813,28883813,1e-05,15.17341165,CC_B_loc4_20x_meas2 > Topography layer,0.6449999809,0.6449999809,CC_B_loc4_20x_meas2 > Topography layer > Leveled (LS-plane) > Waviness (S-F) (Robust Gaussian  order 0  2.500 µm) > Form removed (LS-poly 2) > Outliers removed > Thresholded (0.1000 % ; 99.90 %),19.10579906,6.263163497,0.008727222904,2.798850671,17.04614,17.84738,34.89352,5.050400658,0.1787826835,8.280492384,12.88124537,56.07572191,0.3097100491,84.52171848,3.294734756,0.2905541299,3.944783951,0.2717495433,8.552239429,0.2717495433,5.749053232,7.905106768,0.647132661,37.27218,15.02918232,1371.471268,89.99983128,84.31398337,95.73320375,*****,200,0.00653337429,0.01490531735,200,0.9987914112,7.10502473,13.76029373,0.1206095754,0.248859261,
2023/06/06,10:59:32,D:\Data\DMTA-sharks_MerleGreif\analysis\EAVP\DMTAsharks_EAVP_processing_20x --- C.con_B - CC_B_loc4_20x_meas3.mnt,CC_B_loc4_20x_meas3,D:\Data\DMTA-sharks_MerleGreif\C.con_B\CC_B_loc4_20x_meas3.plux,04/05/2023 14:24:43,Surface+image,X,876.5549741,1360,0.6449999809,Y,659.8349805,1024,0.6449999809,Z,Topography,288.02615,28802615,1e-05,15.16271255,CC_B_loc4_20x_meas3 > Topography layer,0.6449999809,0.6449999809,CC_B_loc4_20x_meas3 > Topography layer > Leveled (LS-plane) > Waviness (S-F) (Robust Gaussian  order 0  2.500 µm) > Form removed (LS-poly 2) > Outliers removed > Thresholded (0.1000 % ; 99.90 %),19.11628274,6.265481744,0.01041166909,2.802838434,17.07941,17.8468,34.92621,5.052227876,0.1738734348,8.278709267,12.87483893,56.0167185,0.3104415142,84.52149023,3.294734756,0.2901777964,3.93675738,0.272316169,8.551021757,0.272316169,5.740003321,7.903246679,0.647775078,37.62139,15.07497877,1373.530364,89.98665861,84.31372097,95.73212274,*****,200,0.006515901843,0.01491012932,200,0.9989667114,7.240774246,12.86063992,0.1183534602,0.2547953878,
2023/06/06,11:04:22,D:\Data\DMTA-sharks_MerleGreif\analysis\EAVP\DMTAsharks_EAVP_processing_20x --- C.con_C - CC_C_loc1_20x_meas1.mnt,CC_C_loc1_20x_meas1,D:\Data\DMTA-sharks_MerleGreif\C.con_C\CC_C_loc1_20x_meas1.plux,04/05/2023 15:06:00,Surface+image,X,876.5549741,1360,0.6449999809,Y,659.8349805,1024,0.6449999809,Z,Topography,262.723,26272300,1e-05,2.195183249,CC_C_loc1_20x_meas1 > Topography layer,0.6449999809,0.6449999809,CC_C_loc1_20x_meas1 > Topography layer > Leveled (LS-plane) > Waviness (S-F) (Robust Gaussian  order 0  2.500 µm) > Form removed (LS-poly 2) > Outliers removed > Thresholded (0.1000 % ; 99.90 %),3.89748966,3.595197879,0.7871280996,3.86525719,14.53715,8.29645,22.8336,2.770344719,0.1808671815,4.924122106,5.361277987,54.89564652,*****,84.50407938,4.392979675,0.2492942313,2.917013873,0.2566609049,5.180784572,0.2566609049,2.987227834,4.897632166,0.2831524066,15.12443,5.788417068,1216.242188,90.00906658,78.58900746,84.28798321,*****,200,0.004587560571,0.01575069421,200,0.9991486586,6.643634232,8.571795962,0.1876715346,0.2761538473,
2023/06/06,11:09:12,D:\Data\DMTA-sharks_MerleGreif\analysis\EAVP\DMTAsharks_EAVP_processing_20x --- C.con_C - CC_C_loc1_20x_meas2.mnt,CC_C_loc1_20x_meas2,D:\Data\DMTA-sharks_MerleGreif\C.con_C\CC_C_loc1_20x_meas2.plux,04/05/2023 15:09:37,Surface+image,X,876.5549741,1360,0.6449999809,Y,659.8349805,1024,0.6449999809,Z,Topography,259.63611,25963611,1e-05,1.791274127,CC_C_loc1_20x_meas2 > Topography layer,0.6449999809,0.6449999809,CC_C_loc1_20x_meas2 > Topography layer > Leveled (LS-plane) > Waviness (S-F) (Robust Gaussian  order 0  2.500 µm) > Form removed (LS-poly 2) > Outliers removed > Thresholded (0.1000 % ; 99.90 %),3.258343865,3.604152028,0.7929988338,3.856353499,14.51623,8.27444,22.79067,2.769637463,0.1824760497,4.984851284,5.344653422,53.92259578,*****,84.5043454,4.392979675,0.2463152025,2.849984169,0.2557896777,5.240637707,0.2557896777,3.017516186,4.960953814,0.2796838925,14.65652,5.207123863,1185.36192,89.98436567,78.58568809,36.98900886,*****,200,0.00421159786,0.01591906487,200,0.9986815956,6.196421187,8.571795962,0.2042844124,0.2798453018,
2023/06/06,11:14:01,D:\Data\DMTA-sharks_MerleGreif\analysis\EAVP\DMTAsharks_EAVP_processing_20x --- C.con_C - CC_C_loc1_20x_meas3.mnt,CC_C_loc1_20x_meas3,D:\Data\DMTA-sharks_MerleGreif\C.con_C\CC_C_loc1_20x_meas3.plux,04/05/2023 15:13:30,Surface+image,X,876.5549741,1360,0.6449999809,Y,659.8349805,1024,0.6449999809,Z,Topography,258.91957,25891957,1e-05,1.660658892,CC_C_loc1_20x_meas3 > Topography layer,0.6449999809,0.6449999809,CC_C_loc1_20x_meas3 > Topography layer > Leveled (LS-plane) > Waviness (S-F) (Robust Gaussian  order 0  2.500 µm) > Form removed (LS-poly 2) > Outliers removed > Thresholded (0.1000 % ; 99.90 %),3.044289982,3.576025052,0.7955110108,3.936492427,14.33599,8.16541,22.5014,2.724073902,0.1878055806,4.775914517,5.425109087,53.17483259,*****,84.50106256,4.392979675,0.2454831968,2.827668939,0.2765474163,5.052461228,0.2765474163,2.976132229,4.764577771,0.2878834571,14.51106,5.067133601,1169.569628,89.99829378,36.98182486,78.57699611,*****,200,0.004035379548,0.01599103366,200,0.9989679027,6.006529984,9.171427778,0.2194597098,0.2902553719,
2023/06/06,11:18:52,D:\Data\DMTA-sharks_MerleGreif\analysis\EAVP\DMTAsharks_EAVP_processing_20x --- C.con_C - CC_C_loc2_20x_meas1.mnt,CC_C_loc2_20x_meas1,D:\Data\DMTA-sharks_MerleGreif\C.con_C\CC_C_loc2_20x_meas1.plux,04/05/2023 15:35:37,Surface+image,X,876.5549741,1360,0.6449999809,Y,659.8349805,1024,0.6449999809,Z,Topography,313.7016,31370160,1e-05,16.8595617,CC_C_loc2_20x_meas1 > Topography layer,0.6449999809,0.6449999809,CC_C_loc2_20x_meas1 > Topography layer > Leveled (LS-plane) > Waviness (S-F) (Robust Gaussian  order 0  2.500 µm) > Form removed (LS-poly 2) > Outliers removed > Thresholded (0.1000 % ; 99.90 %),23.77240349,4.058354235,-0.3593023331,2.784156968,11.11512,13.15899,24.27411,3.29309148,0.06734544692,4.988125788,9.038981962,56.70370471,*****,171.7507862,4.392979675,0.307797211,4.44713087,0.1347205946,5.122850938,0.1347205946,3.731115122,4.586854878,0.5359960598,24.59902333,9.444899539,1684.843894,143.0093202,37.01688499,90.00476846,*****,200,0.0004221313286,0.01780384843,200,0.999007336,10.48493743,8.571795962,0.1678925029,0.1974013257,
2023/06/06,11:23:42,D:\Data\DMTA-sharks_MerleGreif\analysis\EAVP\DMTAsharks_EAVP_processing_20x --- C.con_C - CC_C_loc2_20x_meas2.mnt,CC_C_loc2_20x_meas2,D:\Data\DMTA-sharks_MerleGreif\C.con_C\CC_C_loc2_20x_meas2.plux,04/05/2023 15:39:43,Surface+image,X,876.5549741,1360,0.6449999809,Y,659.8349805,1024,0.6449999809,Z,Topography,319.39826,31939826,1e-05,16.82868509,CC_C_loc2_20x_meas2 > Topography layer,0.6449999809,0.6449999809,CC_C_loc2_20x_meas2 > Topography layer > Leveled (LS-plane) > Waviness (S-F) (Robust Gaussian  order 0  2.500 µm) > Form removed (LS-poly 2) > Outliers removed > Thresholded (0.1000 % ; 99.90 %),23.75035903,4.100459624,-0.3295833492,2.7521917,12.00291,13.30195,25.30486,3.338401412,0.05652044573,5.060371366,9.0211297,56.85949238,*****,171.9922019,4.392979675,0.3078894392,4.450533122,0.1359742146,5.196346599,0.1359742146,3.808104268,4.673575732,0.5227708668,26.88839,10.23349885,1689.985226,143.0023351,37.02532037,89.98192401,*****,200,0.000391994155,0.01778486442,200,0.9989010644,10.60854088,9.171427778,0.1757874434,0.2157539365,
2023/06/06,11:28:32,D:\Data\DMTA-sharks_MerleGreif\analysis\EAVP\DMTAsharks_EAVP_processing_20x --- C.con_C - CC_C_loc2_20x_meas3.mnt,CC_C_loc2_20x_meas3,D:\Data\DMTA-sharks_MerleGreif\C.con_C\CC_C_loc2_20x_meas3.plux,04/05/2023 15:43:59,Surface+image,X,876.5549741,1360,0.6449999809,Y,659.8349805,1024,0.6449999809,Z,Topography,313.19354,31319354,1e-05,16.73828125,CC_C_loc2_20x_meas3 > Topography layer,0.6449999809,0.6449999809,CC_C_loc2_20x_meas3 > Topography layer > Leveled (LS-plane) > Waviness (S-F) (Robust Gaussian  order 0  2.500 µm) > Form removed (LS-poly 2) > Outliers removed > Thresholded (0.1000 % ; 99.90 %),23.6588063,4.155296303,-0.2824244966,2.736376096,13.83565,13.37131,27.20696,3.391868742,0.03649504589,5.147714303,8.993127071,57.08874913,*****,163.2498908,4.392979675,0.3080319594,4.454354387,0.1417069784,5.289422177,0.1417069784,3.885489631,4.779810369,0.5096118077,28.32292,11.78431695,1689.999151,143.0109435,37.0113037,90.00650214,*****,200,0.0003137680101,0.01774484312,200,0.9986732588,10.4613774,8.571795962,0.154965033,0.2005902839,
2023/06/06,11:33:21,D:\Data\DMTA-sharks_MerleGreif\analysis\EAVP\DMTAsharks_EAVP_processing_20x --- C.con_C - CC_C_loc3_20x_meas1.mnt,CC_C_loc3_20x_meas1,D:\Data\DMTA-sharks_MerleGreif\C.con_C\CC_C_loc3_20x_meas1.plux,04/05/2023 16:07:18,Surface+image,X,876.5549741,1360,0.6449999809,Y,659.8349805,1024,0.6449999809,Z,Topography,306.07104,30607104,1e-05,2.829302619,CC_C_loc3_20x_meas1 > Topography layer,0.6449999809,0.6449999809,CC_C_loc3_20x_meas1 > Topography layer > Leveled (LS-plane) > Waviness (S-F) (Robust Gaussian  order 0  2.500 µm) > Form removed (LS-poly 2) > Outliers removed > Thresholded (0.1000 % ; 99.90 %),4.550709444,3.380546785,0.05532170653,2.746937678,11.10437,13.34968,24.45405,2.757626108,0.09431684972,4.464514032,6.246341235,65.3219076,0.3280669846,94.00975791,4.392979675,0.2269892752,2.43295694,0.1467542308,4.611273235,0.1467542308,3.118653317,4.261226683,0.3500465517,16.821534,4.914501716,1157.084646,90.00014431,143.0005255,106.982471,27.2407345,200,0.003479587665,0.0163162279,200,0.9987064751,4.912850583,12.01980586,0.257986095,0.4290443426,
2023/06/06,11:38:10,D:\Data\DMTA-sharks_MerleGreif\analysis\EAVP\DMTAsharks_EAVP_processing_20x --- C.con_C - CC_C_loc3_20x_meas2.mnt,CC_C_loc3_20x_meas2,D:\Data\DMTA-sharks_MerleGreif\C.con_C\CC_C_loc3_20x_meas2.plux,04/05/2023 16:11:04,Surface+image,X,876.5549741,1360,0.6449999809,Y,659.8349805,1024,0.6449999809,Z,Topography,305.4093,30540930,1e-05,2.744499655,CC_C_loc3_20x_meas2 > Topography layer,0.6449999809,0.6449999809,CC_C_loc3_20x_meas2 > Topography layer > Leveled (LS-plane) > Waviness (S-F) (Robust Gaussian  order 0  2.500 µm) > Form removed (LS-poly 2) > Outliers removed > Thresholded (0.1000 % ; 99.90 %),4.539938534,3.40703581,0.07149632117,2.688278623,10.42104,13.4537,23.87474,2.78846536,0.2164086536,4.55945376,6.196547887,63.94042414,0.3138925538,94.00786176,4.392979675,0.2310734799,2.521945346,0.143681823,4.703139992,0.143681823,3.184156454,4.368113546,0.3350264458,17.00578,4.866629388,1162.911195,89.9918269,142.9990234,106.9935056,26.31376604,200,0.003550548458,0.01626168493,200,0.9990425689,5.137304758,10.49946577,0.2725659492,0.4088598464,
2023/06/06,11:43:00,D:\Data\DMTA-sharks_MerleGreif\analysis\EAVP\DMTAsharks_EAVP_processing_20x --- C.con_C - CC_C_loc3_20x_meas3.mnt,CC_C_loc3_20x_meas3,D:\Data\DMTA-sharks_MerleGreif\C.con_C\CC_C_loc3_20x_meas3.plux,04/05/2023 16:14:47,Surface+image,X,876.5549741,1360,0.6449999809,Y,659.8349805,1024,0.6449999809,Z,Topography,301.83396,30183396,1e-05,2.802662569,CC_C_loc3_20x_meas3 > Topography layer,0.6449999809,0.6449999809,CC_C_loc3_20x_meas3 > Topography layer > Leveled (LS-plane) > Waviness (S-F) (Robust Gaussian  order 0  2.500 µm) > Form removed (LS-poly 2) > Outliers removed > Thresholded (0.1000 % ; 99.90 %),4.706313189,3.403758067,0.05670065918,2.670761316,10.33245,13.52249,23.85494,2.78609932,0.1563111907,4.56814337,6.259207974,64.40647388,0.3120792314,94.00385776,4.392979675,0.2339082408,2.5810859,0.1410312323,4.709174969,0.1410312323,3.179453242,4.372396758,0.3367782108,17.10022,5.112306385,1168.01181,89.98080714,142.999536,101.4260535,25.4707879,200,0.003555539465,0.0162529458,200,0.999039196,5.296621674,9.813006266,0.2831086939,0.4116542553,
2023/06/06,11:47:50,D:\Data\DMTA-sharks_MerleGreif\analysis\EAVP\DMTAsharks_EAVP_processing_20x --- C.con_D - CC_D_loc1_20x_meas1.mnt,CC_D_loc1_20x_meas1,D:\Data\DMTA-sharks_MerleGreif\C.con_D\CC_D_loc1_20x_meas1.plux,04/05/2023 16:43:40,Surface+image,X,876.5549741,1360,0.6449999809,Y,659.8349805,1024,0.6449999809,Z,Topography,191.59484,19159484,1e-05,7.1117446,CC_D_loc1_20x_meas1 > Topography layer,0.6449999809,0.6449999809,CC_D_loc1_20x_meas1 > Topography layer > Leveled (LS-plane) > Waviness (S-F) (Robust Gaussian  order 0  2.500 µm) > Form removed (LS-poly 2) > Outliers removed > Thresholded (0.1000 % ; 99.90 %),10.12673771,3.532449177,-0.653432868,4.374010862,8.31663,15.84284,24.15947,2.702283587,0.5497909225,4.437221486,8.020344612,79.59101541,0.3267844665,125.5120688,3.294734756,0.2388772499,2.677370776,0.1246860676,4.561906337,0.1246860676,3.00761239,4.06700761,0.4948987266,21.932658,7.816522666,1268.412081,123.4902267,142.9933242,117.9859219,8.564793955,200,0.005780399538,0.01779233045,200,0.9992059873,6.641348504,12.86063992,0.1923746828,0.2825802205,
2023/06/06,11:52:39,D:\Data\DMTA-sharks_MerleGreif\analysis\EAVP\DMTAsharks_EAVP_processing_20x --- C.con_D - CC_D_loc1_20x_meas2.mnt,CC_D_loc1_20x_meas2,D:\Data\DMTA-sharks_MerleGreif\C.con_D\CC_D_loc1_20x_meas2.plux,04/05/2023 16:46:43,Surface+image,X,876.5549741,1360,0.6449999809,Y,659.8349805,1024,0.6449999809,Z,Topography,192.06278,19206278,1e-05,7.06866096,CC_D_loc1_20x_meas2 > Topography layer,0.6449999809,0.6449999809,CC_D_loc1_20x_meas2 > Topography layer > Leveled (LS-plane) > Waviness (S-F) (Robust Gaussian  order 0  2.500 µm) > Form removed (LS-poly 2) > Outliers removed > Thresholded (0.1000 % ; 99.90 %),10.06907744,3.54502544,-0.6757432963,4.404212125,8.32042,15.92498,24.2454,2.707954965,0.533289107,4.435104762,8.162012913,79.07795848,0.3269743585,125.5123341,3.294734756,0.2379812593,2.656214176,0.1238670058,4.558967672,0.1238670058,3.016157188,4.056732812,0.5022348605,22.272314,7.868337202,1263.463303,123.4889269,142.9975016,117.9804767,8.515888092,200,0.005845519939,0.01774175914,200,0.9991196308,6.481732363,12.86063992,0.1956863784,0.2931581361,
2023/06/06,11:57:29,D:\Data\DMTA-sharks_MerleGreif\analysis\EAVP\DMTAsharks_EAVP_processing_20x --- C.con_D - CC_D_loc1_20x_meas3.mnt,CC_D_loc1_20x_meas3,D:\Data\DMTA-sharks_MerleGreif\C.con_D\CC_D_loc1_20x_meas3.plux,04/05/2023 16:49:25,Surface+image,X,876.5549741,1360,0.6449999809,Y,659.8349805,1024,0.6449999809,Z,Topography,193.03783,19303783,1e-05,7.027587891,CC_D_loc1_20x_meas3 > Topography layer,0.6449999809,0.6449999809,CC_D_loc1_20x_meas3 > Topography layer > Leveled (LS-plane) > Waviness (S-F) (Robust Gaussian  order 0  2.500 µm) > Form removed (LS-poly 2) > Outliers removed > Thresholded (0.1000 % ; 99.90 %),10.01601275,3.557277704,-0.6878331703,4.399294483,8.34959,15.88562,24.23521,2.714820218,0.4988973408,4.43599268,8.280532821,78.35200181,0.3256618801,125.7441918,3.294734756,0.2391531416,2.680349309,0.1236009539,4.55959415,0.1236009539,3.027297215,4.051482785,0.5081113654,22.04790625,7.871384682,1265.110253,123.4846435,142.9961194,117.9837819,8.490359332,200,0.005894427771,0.0177870962,200,0.9994143232,6.564636641,12.86063992,0.2082179093,0.2860972603,
2023/06/06,12:02:19,D:\Data\DMTA-sharks_MerleGreif\analysis\EAVP\DMTAsharks_EAVP_processing_20x --- C.con_D - CC_D_loc2_20x_meas1.mnt,CC_D_loc2_20x_meas1,D:\Data\DMTA-sharks_MerleGreif\C.con_D\CC_D_loc2_20x_meas1.plux,04/05/2023 17:05:23,Surface+image,X,876.5549741,1360,0.6449999809,Y,659.8349805,1024,0.6449999809,Z,Topography,267.28231,26728231,1e-05,19.88475126,CC_D_loc2_20x_meas1 > Topography layer,0.6449999809,0.6449999809,CC_D_loc2_20x_meas1 > Topography layer > Leveled (LS-plane) > Waviness (S-F) (Robust Gaussian  order 0  2.500 µm) > Form removed (LS-poly 2) > Outliers removed > Thresholded (0.1000 % ; 99.90 %),27.13845646,3.637541559,-0.1916548276,4.177491397,11.94619,17.44801,29.3942,2.808201141,0.1497011278,4.530209046,7.158657411,66.09502633,0.5898152737,3.993555672,4.392979675,0.3249494078,4.909059724,0.1865409564,4.716747645,0.1865409564,2.987856675,4.268433325,0.4483143202,27.46891,10.38374786,1694.354509,179.9973527,142.9731137,89.99909876,76.2868084,200,0.002960269557,0.01862445857,200,0.9993336931,12.87425905,15.75280713,0.2047356364,0.2772433659,
2023/06/06,12:07:09,D:\Data\DMTA-sharks_MerleGreif\analysis\EAVP\DMTAsharks_EAVP_processing_20x --- C.con_D - CC_D_loc2_20x_meas2.mnt,CC_D_loc2_20x_meas2,D:\Data\DMTA-sharks_MerleGreif\C.con_D\CC_D_loc2_20x_meas2.plux,04/05/2023 17:08:55,Surface+image,X,876.5549741,1360,0.6449999809,Y,659.8349805,1024,0.6449999809,Z,Topography,266.11082,26611082,1e-05,19.60851333,CC_D_loc2_20x_meas2 > Topography layer,0.6449999809,0.6449999809,CC_D_loc2_20x_meas2 > Topography layer > Leveled (LS-plane) > Waviness (S-F) (Robust Gaussian  order 0  2.500 µm) > Form removed (LS-poly 2) > Outliers removed > Thresholded (0.1000 % ; 99.90 %),26.79658778,3.638065947,-0.1933893309,4.166202257,11.92636,17.46908,29.39544,2.809518532,0.1543474533,4.532944001,7.159126452,65.87580791,0.5879517126,3.990606654,4.392979675,0.3243655091,4.895569816,0.1857841726,4.718724254,0.1857841726,2.989053104,4.268986896,0.4497373581,27.35728,10.38897091,1687.867126,179.9912078,142.9748094,89.99614506,76.78468744,200,0.002941452003,0.0186131146,200,0.9992067766,12.77470809,15.75280713,0.2084395793,0.2621481471,
2023/06/06,12:12:00,D:\Data\DMTA-sharks_MerleGreif\analysis\EAVP\DMTAsharks_EAVP_processing_20x --- C.con_D - CC_D_loc2_20x_meas3.mnt,CC_D_loc2_20x_meas3,D:\Data\DMTA-sharks_MerleGreif\C.con_D\CC_D_loc2_20x_meas3.plux,04/05/2023 17:12:21,Surface+image,X,876.5549741,1360,0.6449999809,Y,659.8349805,1024,0.6449999809,Z,Topography,264.78141,26478141,1e-05,19.41255457,CC_D_loc2_20x_meas3 > Topography layer,0.6449999809,0.6449999809,CC_D_loc2_20x_meas3 > Topography layer > Leveled (LS-plane) > Waviness (S-F) (Robust Gaussian  order 0  2.500 µm) > Form removed (LS-poly 2) > Outliers removed > Thresholded (0.1000 % ; 99.90 %),26.55165728,3.630760823,-0.2016845394,4.177331752,11.87043,17.53184,29.40227,2.80425063,0.1525000077,4.520924174,7.159146693,65.81745618,0.5872065674,3.992017773,4.392979675,0.3235980422,4.869380765,0.1844835047,4.705405215,0.1844835047,2.982238328,4.255371672,0.450033543,27.38879,10.39390406,1677.947406,179.9990981,142.9765429,90.00540549,76.96237585,200,0.002980659802,0.0186247356,200,0.9987777322,12.74048967,14.72288196,0.2124368177,0.2856142729,
2023/06/06,12:16:50,D:\Data\DMTA-sharks_MerleGreif\analysis\EAVP\DMTAsharks_EAVP_processing_20x --- C.con_D - CC_D_loc3_20x_meas1.mnt,CC_D_loc3_20x_meas1,D:\Data\DMTA-sharks_MerleGreif\C.con_D\CC_D_loc3_20x_meas1.plux,04/05/2023 17:47:23,Surface+image,X,876.5549741,1360,0.6449999809,Y,659.8349805,1024,0.6449999809,Z,Topography,181.91931,18191931,1e-05,3.740234375,CC_D_loc3_20x_meas1 > Topography layer,0.6449999809,0.6449999809,CC_D_loc3_20x_meas1 > Topography layer > Leveled (LS-plane) > Waviness (S-F) (Robust Gaussian  order 0  2.500 µm) > Form removed (LS-poly 2) > Outliers removed > Thresholded (0.1000 % ; 99.90 %),6.718534582,3.628410415,-0.4468256288,3.180449994,9.60542,13.00639,22.61181,2.850593593,0.2825836986,4.433435303,8.538418728,65.35852565,0.3495145049,136.4938148,4.392979675,0.2386552805,2.632128443,0.1319620237,4.565400824,0.1319620237,3.261257229,4.050732771,0.5146680537,19.36242429,7.56986723,1276.965438,136.6753749,143.0044945,36.99564388,17.37088308,200,0.002856758268,0.01739313503,200,0.9991612258,6.570894448,12.86063992,0.2907782478,0.4656016603,
2023/06/06,12:21:40,D:\Data\DMTA-sharks_MerleGreif\analysis\EAVP\DMTAsharks_EAVP_processing_20x --- C.con_D - CC_D_loc3_20x_meas2.mnt,CC_D_loc3_20x_meas2,D:\Data\DMTA-sharks_MerleGreif\C.con_D\CC_D_loc3_20x_meas2.plux,04/05/2023 17:50:54,Surface+image,X,876.5549741,1360,0.6449999809,Y,659.8349805,1024,0.6449999809,Z,Topography,187.10778,18710778,1e-05,3.486758961,CC_D_loc3_20x_meas2 > Topography layer,0.6449999809,0.6449999809,CC_D_loc3_20x_meas2 > Topography layer > Leveled (LS-plane) > Waviness (S-F) (Robust Gaussian  order 0  2.500 µm) > Form removed (LS-poly 2) > Outliers removed > Thresholded (0.1000 % ; 99.90 %),6.276640051,3.52679013,-0.6146813494,3.792570534,8.95757,14.48935,23.44692,2.692081102,0.4458535433,4.215165222,8.752218208,60.79658707,0.3429685591,136.4965891,4.392979675,0.2384261671,2.621520753,0.1344593125,4.349623357,0.1344593125,2.9869526,3.8010874,0.5485359572,21.68697,6.812144349,1259.001197,136.6814704,143.0102657,123.4792631,16.69831969,200,0.002764889817,0.01760872137,200,0.999090422,6.553763081,12.86063992,0.3218716836,0.4542058312,
2023/06/06,12:26:29,D:\Data\DMTA-sharks_MerleGreif\analysis\EAVP\DMTAsharks_EAVP_processing_20x --- C.con_D - CC_D_loc3_20x_meas3.mnt,CC_D_loc3_20x_meas3,D:\Data\DMTA-sharks_MerleGreif\C.con_D\CC_D_loc3_20x_meas3.plux,04/05/2023 17:53:39,Surface+image,X,876.5549741,1360,0.6449999809,Y,659.8349805,1024,0.6449999809,Z,Topography,190.53929,19053929,1e-05,3.405330882,CC_D_loc3_20x_meas3 > Topography layer,0.6449999809,0.6449999809,CC_D_loc3_20x_meas3 > Topography layer > Leveled (LS-plane) > Waviness (S-F) (Robust Gaussian  order 0  2.500 µm) > Form removed (LS-poly 2) > Outliers removed > Thresholded (0.1000 % ; 99.90 %),6.086928424,3.426828045,-0.6984304873,4.237688596,8.71734,15.95655,24.67389,2.585196189,0.4557698222,4.029494808,8.548178109,57.48637281,0.3182352048,136.4983504,4.392979675,0.2359092484,2.573564936,0.1376511563,4.167145666,0.1376511563,2.823097219,3.621832781,0.5453128849,23.56550667,6.488187225,1247.706612,136.6889136,142.9979375,123.4820501,16.58994867,200,0.002626281003,0.01760014032,200,0.9991779929,6.283560472,12.01980586,0.3056835005,0.4349898509,
2023/06/06,12:31:20,D:\Data\DMTA-sharks_MerleGreif\analysis\EAVP\DMTAsharks_EAVP_processing_20x --- C.con_E - CC_E_loc1_20x_meas1.mnt,CC_E_loc1_20x_meas1,D:\Data\DMTA-sharks_MerleGreif\C.con_E\CC_E_loc1_20x_meas1.plux,04/05/2023 18:20:25,Surface+image,X,876.5549741,1360,0.6449999809,Y,659.8349805,1024,0.6449999809,Z,Topography,131.10196,13110196,1e-05,8.019588695,CC_E_loc1_20x_meas1 > Topography layer,0.6449999809,0.6449999809,CC_E_loc1_20x_meas1 > Topography layer > Leveled (LS-plane) > Waviness (S-F) (Robust Gaussian  order 0  2.500 µm) > Form removed (LS-poly 2) > Outliers removed > Thresholded (0.1000 % ; 99.90 %),11.49658203,10.4904709,0.09698487912,3.050988215,35.01605,28.06376,63.07981,8.171196733,0.02941809226,14.49325079,21.73036559,97.75562058,*****,152.7544112,3.294734756,0.3232335916,4.708586773,0.462749757,14.9559994,0.462749757,8.382207746,13.65552225,1.300477141,65.84225,33.42136035,1209.030647,153.1554989,143.0193461,159.1990562,8.550669032,200,0.006051447908,0.01944436992,200,0.9945372713,9.161652816,1673.214529,0.4646624593,1.315365514,
2023/06/06,12:36:10,D:\Data\DMTA-sharks_MerleGreif\analysis\EAVP\DMTAsharks_EAVP_processing_20x --- C.con_E - CC_E_loc1_20x_meas2.mnt,CC_E_loc1_20x_meas2,D:\Data\DMTA-sharks_MerleGreif\C.con_E\CC_E_loc1_20x_meas2.plux,04/05/2023 18:22:44,Surface+image,X,876.5549741,1360,0.6449999809,Y,659.8349805,1024,0.6449999809,Z,Topography,131.68177,13168177,1e-05,7.944910386,CC_E_loc1_20x_meas2 > Topography layer,0.6449999809,0.6449999809,CC_E_loc1_20x_meas2 > Topography layer > Leveled (LS-plane) > Waviness (S-F) (Robust Gaussian  order 0  2.500 µm) > Form removed (LS-poly 2) > Outliers removed > Thresholded (0.1000 % ; 99.90 %),11.37774299,10.42092573,0.08318258518,3.024041323,34.02756,28.06105,62.08861,8.133765589,0.02268696286,14.3657321,21.60057083,97.98879876,*****,152.7528645,3.294734756,0.322021252,4.674166552,0.4537169296,14.81944493,0.4537169296,8.348096811,13.52726319,1.292181744,62.192955,32.35582028,1202.972726,153.1536076,143.0169216,159.1974926,8.518788612,200,0.005902349049,0.0194129474,200,0.9961516141,9.086267421,1673.214529,0.4191962575,1.312717473,
2023/06/06,12:41:01,D:\Data\DMTA-sharks_MerleGreif\analysis\EAVP\DMTAsharks_EAVP_processing_20x --- C.con_E - CC_E_loc1_20x_meas3.mnt,CC_E_loc1_20x_meas3,D:\Data\DMTA-sharks_MerleGreif\C.con_E\CC_E_loc1_20x_meas3.plux,04/05/2023 18:24:45,Surface+image,X,876.5549741,1360,0.6449999809,Y,659.8349805,1024,0.6449999809,Z,Topography,131.24707,13124707,1e-05,7.951803768,CC_E_loc1_20x_meas3 > Topography layer,0.6449999809,0.6449999809,CC_E_loc1_20x_meas3 > Topography layer > Leveled (LS-plane) > Waviness (S-F) (Robust Gaussian  order 0  2.500 µm) > Form removed (LS-poly 2) > Outliers removed > Thresholded (0.1000 % ; 99.90 %),11.37465533,10.39599791,0.07398134333,3.004329361,32.93916,28.04867,60.98783,8.124334605,0.03256021202,14.3143753,21.55623416,98.23472307,*****,152.753485,3.294734756,0.3221731149,4.672995827,0.4488601665,14.76323998,0.4488601665,8.345326623,13.47306338,1.2901766,60.22772,31.34052012,1200.722828,153.1516368,143.0208685,159.200069,8.497625476,200,0.006028227374,0.01945741467,200,0.9961080172,9.03575078,1461.575908,0.383693669,1.209930769,
2023/06/06,12:45:50,D:\Data\DMTA-sharks_MerleGreif\analysis\EAVP\DMTAsharks_EAVP_processing_20x --- C.con_E - CC_E_loc2_20x_meas1.mnt,CC_E_loc2_20x_meas1,D:\Data\DMTA-sharks_MerleGreif\C.con_E\CC_E_loc2_20x_meas1.plux,04/05/2023 18:43:38,Surface+image,X,876.5549741,1360,0.6449999809,Y,659.8349805,1024,0.6449999809,Z,Topography,139.3555,13935550,1e-05,2.536262063,CC_E_loc2_20x_meas1 > Topography layer,0.6449999809,0.6449999809,CC_E_loc2_20x_meas1 > Topography layer > Leveled (LS-plane) > Waviness (S-F) (Robust Gaussian  order 0  2.500 µm) > Form removed (LS-poly 2) > Outliers removed > Thresholded (0.1000 % ; 99.90 %),4.374928194,4.237298575,-0.3548177759,3.16000858,10.77842,17.68809,28.46651,3.286514189,0.1678432128,5.422667545,9.552248396,54.54083128,0.2045249775,99.76449797,4.392979675,0.2368187847,2.601175557,0.1578410287,5.580513334,0.1578410287,3.717873176,4.983006824,0.5975065099,23.8679,4.862885606,1117.703184,36.99317536,179.994669,114.0335765,14.29504042,200,0.004014569169,0.0183312946,200,0.9988648568,5.753774959,9.171427778,0.2667829201,0.4890362793,
2023/06/06,12:50:39,D:\Data\DMTA-sharks_MerleGreif\analysis\EAVP\DMTAsharks_EAVP_processing_20x --- C.con_E - CC_E_loc2_20x_meas2.mnt,CC_E_loc2_20x_meas2,D:\Data\DMTA-sharks_MerleGreif\C.con_E\CC_E_loc2_20x_meas2.plux,04/05/2023 18:45:58,Surface+image,X,876.5549741,1360,0.6449999809,Y,659.8349805,1024,0.6449999809,Z,Topography,136.19651,13619651,1e-05,2.525347541,CC_E_loc2_20x_meas2 > Topography layer,0.6449999809,0.6449999809,CC_E_loc2_20x_meas2 > Topography layer > Leveled (LS-plane) > Waviness (S-F) (Robust Gaussian  order 0  2.500 µm) > Form removed (LS-poly 2) > Outliers removed > Thresholded (0.1000 % ; 99.90 %),4.254868451,4.275011585,-0.3932892403,3.22979253,10.60261,18.14064,28.74325,3.312310887,0.2033553535,5.441867467,9.750239507,55.04332892,*****,99.76256434,4.392979675,0.2353512977,2.56926081,0.1580328028,5.599899598,0.1580328028,3.750872716,4.992267284,0.6076323138,24.40644,4.81256235,1093.180968,36.9974399,179.9902226,26.7801592,16.53470039,200,0.003845281529,0.01844993635,200,0.9987352224,5.412144838,10.49946577,0.3121643441,0.4780656033,
2023/06/06,12:55:29,D:\Data\DMTA-sharks_MerleGreif\analysis\EAVP\DMTAsharks_EAVP_processing_20x --- C.con_E - CC_E_loc2_20x_meas3.mnt,CC_E_loc2_20x_meas3,D:\Data\DMTA-sharks_MerleGreif\C.con_E\CC_E_loc2_20x_meas3.plux,04/05/2023 18:48:09,Surface+image,X,876.5549741,1360,0.6449999809,Y,659.8349805,1024,0.6449999809,Z,Topography,134.93358,13493358,1e-05,2.510555492,CC_E_loc2_20x_meas3 > Topography layer,0.6449999809,0.6449999809,CC_E_loc2_20x_meas3 > Topography layer > Leveled (LS-plane) > Waviness (S-F) (Robust Gaussian  order 0  2.500 µm) > Form removed (LS-poly 2) > Outliers removed > Thresholded (0.1000 % ; 99.90 %),4.237994026,4.286994427,-0.4000926797,3.277940884,10.40029,18.48099,28.88128,3.32207276,0.3018577976,5.465313736,9.758310495,55.65086749,*****,99.76208543,4.392979675,0.2355541602,2.5711572,0.1587252142,5.624041213,0.1587252142,3.768101365,5.019228635,0.6048125783,25.1599,4.809584508,1091.697978,36.99397715,179.9847384,26.78190458,16.81490121,200,0.003610406634,0.01840893502,200,0.9989558685,5.404796139,9.813006266,0.3065716476,0.5295244833,
2023/06/06,13:00:19,D:\Data\DMTA-sharks_MerleGreif\analysis\EAVP\DMTAsharks_EAVP_processing_20x --- C.con_F - CC_F_loc1_20x_meas1.mnt,CC_F_loc1_20x_meas1,D:\Data\DMTA-sharks_MerleGreif\C.con_F\CC_F_loc1_20x_meas1.plux,05/05/2023 10:01:27,Surface+image,X,876.5549741,1360,0.6449999809,Y,659.8349805,1024,0.6449999809,Z,Topography,219.91463,21991463,1e-05,9.529813879,CC_F_loc1_20x_meas1 > Topography layer,0.6449999809,0.6449999809,CC_F_loc1_20x_meas1 > Topography layer > Leveled (LS-plane) > Waviness (S-F) (Robust Gaussian  order 0  2.500 µm) > Form removed (LS-poly 2) > Outliers removed > Thresholded (0.1000 % ; 99.90 %),13.55260512,5.419311746,-1.005903472,3.515844403,10.52518,16.3063,26.83148,4.190417259,0.2153373271,5.692456531,14.83520925,70.91254914,*****,39.50355654,4.392979675,0.246095792,2.866807533,0.1277853292,5.820237361,0.1277853292,4.638985789,4.781184211,1.03905315,22.64891,9.80249771,1315.421527,36.98194438,90.00376469,0.03692429788,8.963010744,200,0.00411274566,0.01837088667,200,0.9987646084,6.523564067,9.813006266,0.4800872993,0.4063431743,
2023/06/06,13:05:08,D:\Data\DMTA-sharks_MerleGreif\analysis\EAVP\DMTAsharks_EAVP_processing_20x --- C.con_F - CC_F_loc1_20x_meas2.mnt,CC_F_loc1_20x_meas2,D:\Data\DMTA-sharks_MerleGreif\C.con_F\CC_F_loc1_20x_meas2.plux,05/05/2023 10:07:12,Surface+image,X,876.5549741,1360,0.6449999809,Y,659.8349805,1024,0.6449999809,Z,Topography,220.07002,22007002,1e-05,9.552217371,CC_F_loc1_20x_meas2 > Topography layer,0.6449999809,0.6449999809,CC_F_loc1_20x_meas2 > Topography layer > Leveled (LS-plane) > Waviness (S-F) (Robust Gaussian  order 0  2.500 µm) > Form removed (LS-poly 2) > Outliers removed > Thresholded (0.1000 % ; 99.90 %),13.58161477,5.407230216,-1.021273766,3.550250565,10.47794,16.359,26.83694,4.1745965,0.2215383366,5.658933555,14.86250859,70.43335001,*****,43.75775108,4.392979675,0.2468182543,2.881495012,0.1267527375,5.785686154,0.1267527375,4.60968255,4.74114745,1.044538703,22.82815,9.749668411,1322.725668,36.97753905,90.01921566,0.0279073086,8.929676699,200,0.004153277894,0.01839134457,200,0.9987682237,6.476641044,9.813006266,0.4361808434,0.3758852885,
2023/06/06,13:09:57,D:\Data\DMTA-sharks_MerleGreif\analysis\EAVP\DMTAsharks_EAVP_processing_20x --- C.con_F - CC_F_loc1_20x_meas3.mnt,CC_F_loc1_20x_meas3,D:\Data\DMTA-sharks_MerleGreif\C.con_F\CC_F_loc1_20x_meas3.plux,05/05/2023 10:10:32,Surface+image,X,876.5549741,1360,0.6449999809,Y,659.8349805,1024,0.6449999809,Z,Topography,220.15784,22015784,1e-05,9.583022174,CC_F_loc1_20x_meas3 > Topography layer,0.6449999809,0.6449999809,CC_F_loc1_20x_meas3 > Topography layer > Leveled (LS-plane) > Waviness (S-F) (Robust Gaussian  order 0  2.500 µm) > Form removed (LS-poly 2) > Outliers removed > Thresholded (0.1000 % ; 99.90 %),13.61708697,5.407263001,-1.020853973,3.549145273,10.49372,16.40051,26.89423,4.174445734,0.2115619536,5.659075821,14.86472957,70.43193863,*****,39.50112992,4.392979675,0.2464865152,2.875139421,0.1268169778,5.785892527,0.1268169778,4.613434347,4.742285653,1.043606874,22.577398,9.780449789,1317.496901,36.98299017,90.02579441,0.03182333191,8.958341904,200,0.004200010385,0.01840115907,200,0.998679251,6.432687897,9.171427778,0.4384630115,0.3869750385,
2023/06/06,13:14:47,D:\Data\DMTA-sharks_MerleGreif\analysis\EAVP\DMTAsharks_EAVP_processing_20x --- C.con_F - CC_F_loc2_20x_meas1.mnt,CC_F_loc2_20x_meas1,D:\Data\DMTA-sharks_MerleGreif\C.con_F\CC_F_loc2_20x_meas1.plux,05/05/2023 10:33:32,Surface+image,X,876.5549741,1360,0.6449999809,Y,659.8349805,1024,0.6449999809,Z,Topography,160.0979,16009790,1e-05,3.289938534,CC_F_loc2_20x_meas1 > Topography layer,0.6449999809,0.6449999809,CC_F_loc2_20x_meas1 > Topography layer > Leveled (LS-plane) > Waviness (S-F) (Robust Gaussian  order 0  2.500 µm) > Form removed (LS-poly 2) > Outliers removed > Thresholded (0.1000 % ; 99.90 %),5.788861443,2.013285303,-0.648066514,3.963926178,6.01164,7.82327,13.83491,1.544178553,0.1522113133,2.397115687,4.893516637,58.97879882,0.4591981999,30.2513451,4.392979675,0.1959727586,1.835008148,0.07437356598,2.471491885,0.07437356598,1.688670553,2.163809447,0.3076824372,12.33511,4.567847773,1251.506415,37.00893578,90.01424991,0.01787444026,26.52240709,200,0.0014368845,0.01748859253,200,0.9992457177,4.545051185,12.01980586,0.424890347,0.4844932963,
2023/06/06,13:19:36,D:\Data\DMTA-sharks_MerleGreif\analysis\EAVP\DMTAsharks_EAVP_processing_20x --- C.con_F - CC_F_loc2_20x_meas2.mnt,CC_F_loc2_20x_meas2,D:\Data\DMTA-sharks_MerleGreif\C.con_F\CC_F_loc2_20x_meas2.plux,05/05/2023 10:36:05,Surface+image,X,876.5549741,1360,0.6449999809,Y,659.8349805,1024,0.6449999809,Z,Topography,160.4664,16046640,1e-05,3.241469439,CC_F_loc2_20x_meas2 > Topography layer,0.6449999809,0.6449999809,CC_F_loc2_20x_meas2 > Topography layer > Leveled (LS-plane) > Waviness (S-F) (Robust Gaussian  order 0  2.500 µm) > Form removed (LS-poly 2) > Outliers removed > Thresholded (0.1000 % ; 99.90 %),5.724164177,2.018736746,-0.6582685018,3.97278914,5.98365,7.9011,13.88475,1.549938375,0.1544592955,2.400013182,4.912183735,59.29140806,0.4606838499,30.24973073,4.392979675,0.1961923541,1.837535907,0.07365593522,2.473670669,0.07365593522,1.69768554,2.16536446,0.3083062093,12.34772,4.515229187,1250.275146,37.01247468,90.01173479,0.005587353502,27.0205843,200,0.001357175777,0.0174746974,200,0.9994002106,4.62343156,12.01980586,0.4460517728,0.5282955436,
2023/06/06,13:24:24,D:\Data\DMTA-sharks_MerleGreif\analysis\EAVP\DMTAsharks_EAVP_processing_20x --- C.con_F - CC_F_loc2_20x_meas3.mnt,CC_F_loc2_20x_meas3,D:\Data\DMTA-sharks_MerleGreif\C.con_F\CC_F_loc2_20x_meas3.plux,05/05/2023 10:38:37,Surface+image,X,876.5549741,1360,0.6449999809,Y,659.8349805,1024,0.6449999809,Z,Topography,160.57197,16057197,1e-05,3.192569508,CC_F_loc2_20x_meas3 > Topography layer,0.6449999809,0.6449999809,CC_F_loc2_20x_meas3 > Topography layer > Leveled (LS-plane) > Waviness (S-F) (Robust Gaussian  order 0  2.500 µm) > Form removed (LS-poly 2) > Outliers removed > Thresholded (0.1000 % ; 99.90 %),5.654871324,2.013724369,-0.6481759408,3.95307401,5.99096,7.8136,13.80456,1.544633164,0.1533455061,2.397824407,4.891443164,59.08610873,0.4593057857,30.24888429,4.392979675,0.1952390985,1.822615784,0.07429768474,2.472118232,0.07429768474,1.690606079,2.164213921,0.3079043107,12.11706,4.471256949,1251.732365,37.01403463,90.02302561,0.01250013875,26.88945512,200,0.001457046968,0.01748212377,200,0.9994651399,4.567042911,12.01980586,0.4270944674,0.4989743119,
2023/06/06,13:29:14,D:\Data\DMTA-sharks_MerleGreif\analysis\EAVP\DMTAsharks_EAVP_processing_20x --- C.con_F - CC_F_loc3_20x_meas1.mnt,CC_F_loc3_20x_meas1,D:\Data\DMTA-sharks_MerleGreif\C.con_F\CC_F_loc3_20x_meas1.plux,05/05/2023 10:55:20,Surface+image,X,876.5549741,1360,0.6449999809,Y,659.8349805,1024,0.6449999809,Z,Topography,296.24036,29624036,1e-05,11.68615005,CC_F_loc3_20x_meas1 > Topography layer,0.6449999809,0.6449999809,CC_F_loc3_20x_meas1 > Topography layer > Leveled (LS-plane) > Waviness (S-F) (Robust Gaussian  order 0  2.500 µm) > Form removed (LS-poly 2) > Outliers removed > Thresholded (0.1000 % ; 99.90 %),16.72851563,3.624394475,-0.09413415742,3.061820768,9.59467,15.75772,25.35239,2.877434895,0.4390450235,4.791105329,7.12046674,45.96692655,0.172400723,106.7403679,4.392979675,0.2822685161,3.721093285,0.1554478828,4.946549614,0.1554478828,3.232699849,4.522570151,0.4239794636,24.96438,8.626004707,1460.304475,104.9801787,110.719685,90.01003197,65.87898943,200,0.0005720509228,0.01743819721,200,0.9991623966,9.533955861,14.72288196,0.1667426811,0.2485186621,
2023/06/06,13:34:04,D:\Data\DMTA-sharks_MerleGreif\analysis\EAVP\DMTAsharks_EAVP_processing_20x --- C.con_F - CC_F_loc3_20x_meas2.mnt,CC_F_loc3_20x_meas2,D:\Data\DMTA-sharks_MerleGreif\C.con_F\CC_F_loc3_20x_meas2.plux,05/05/2023 10:59:04,Surface+image,X,876.5549741,1360,0.6449999809,Y,659.8349805,1024,0.6449999809,Z,Topography,296.8421,29684210,1e-05,11.65570427,CC_F_loc3_20x_meas2 > Topography layer,0.6449999809,0.6449999809,CC_F_loc3_20x_meas2 > Topography layer > Leveled (LS-plane) > Waviness (S-F) (Robust Gaussian  order 0  2.500 µm) > Form removed (LS-poly 2) > Outliers removed > Thresholded (0.1000 % ; 99.90 %),16.68579102,3.642001393,-0.102784182,3.040754897,9.58004,15.82202,25.40206,2.895391728,0.4142766207,4.842038683,7.144326393,46.30989002,0.1208956761,106.7421228,4.392979675,0.280351376,3.671324571,0.1514827475,4.993519435,0.1514827475,3.267920025,4.568049975,0.4254694594,25.50030333,8.641872666,1457.828401,104.9783539,110.7182205,37.01517247,63.31435093,200,0.0004818014159,0.0174768274,200,0.9983999941,9.162938081,12.86063992,0.157324095,0.2700395082,
2023/06/06,13:38:54,D:\Data\DMTA-sharks_MerleGreif\analysis\EAVP\DMTAsharks_EAVP_processing_20x --- C.con_F - CC_F_loc3_20x_meas3.mnt,CC_F_loc3_20x_meas3,D:\Data\DMTA-sharks_MerleGreif\C.con_F\CC_F_loc3_20x_meas3.plux,05/05/2023 11:02:48,Surface+image,X,876.5549741,1360,0.6449999809,Y,659.8349805,1024,0.6449999809,Z,Topography,297.75177,29775177,1e-05,11.7080509,CC_F_loc3_20x_meas3 > Topography layer,0.6449999809,0.6449999809,CC_F_loc3_20x_meas3 > Topography layer > Leveled (LS-plane) > Waviness (S-F) (Robust Gaussian  order 0  2.500 µm) > Form removed (LS-poly 2) > Outliers removed > Thresholded (0.1000 % ; 99.90 %),16.82961857,3.657608434,-0.1106812867,3.035939713,9.55498,15.86917,25.42415,2.910320265,0.4384593492,4.87115024,7.176098186,46.64350705,0.1726239704,106.739444,4.392979675,0.2778488924,3.606453383,0.1501677061,5.021320719,0.1501677061,3.284130503,4.591949497,0.4293712223,24.779805,8.588177124,1459.917971,104.982491,110.7151589,37.01766754,61.69600833,200,0.0005326471709,0.01749777985,200,0.998526441,8.973494693,13.76029373,0.1684294914,0.2404804068,
2023/06/06,13:43:45,D:\Data\DMTA-sharks_MerleGreif\analysis\EAVP\DMTAsharks_EAVP_processing_20x --- C.con_F - CC_F_loc4_20x_meas1.mnt,CC_F_loc4_20x_meas1,D:\Data\DMTA-sharks_MerleGreif\C.con_F\CC_F_loc4_20x_meas1.plux,05/05/2023 11:27:42,Surface+image,X,876.5549741,1360,0.6449999809,Y,659.8349805,1024,0.6449999809,Z,Topography,241.32968,24132968,1e-05,2.926815257,CC_F_loc4_20x_meas1 > Topography layer,0.6449999809,0.6449999809,CC_F_loc4_20x_meas1 > Topography layer > Leveled (LS-plane) > Waviness (S-F) (Robust Gaussian  order 0  2.500 µm) > Form removed (LS-poly 2) > Outliers removed > Thresholded (0.1000 % ; 99.90 %),4.817038143,3.324044566,-2.005114519,13.16712389,8.57313,24.59615,33.16928,2.218155529,0.2231271747,3.451886872,7.096110333,68.83674503,0.7153869604,152.7480005,4.392979675,0.2583044068,3.095077662,0.1506350794,3.602517675,0.1506350794,2.144263058,3.059626942,0.5428907332,24.91176667,4.617979266,1182.139148,142.9802018,153.2149322,159.1810085,68.89400307,200,0.002266482043,0.01788473669,200,0.9992128195,6.286150492,10.49946577,0.2500055047,0.317517979,
2023/06/06,13:48:37,D:\Data\DMTA-sharks_MerleGreif\analysis\EAVP\DMTAsharks_EAVP_processing_20x --- C.con_F - CC_F_loc4_20x_meas2.mnt,CC_F_loc4_20x_meas2,D:\Data\DMTA-sharks_MerleGreif\C.con_F\CC_F_loc4_20x_meas2.plux,05/05/2023 11:31:10,Surface+image,X,876.5549741,1360,0.6449999809,Y,659.8349805,1024,0.6449999809,Z,Topography,244.37245,24437245,1e-05,2.880572151,CC_F_loc4_20x_meas2 > Topography layer,0.6449999809,0.6449999809,CC_F_loc4_20x_meas2 > Topography layer > Leveled (LS-plane) > Waviness (S-F) (Robust Gaussian  order 0  2.500 µm) > Form removed (LS-poly 2) > Outliers removed > Thresholded (0.1000 % ; 99.90 %),4.753346163,3.338851779,-2.028310424,13.31429957,8.51796,24.79579,33.31375,2.221310279,0.2536370367,3.465018405,7.120078626,68.91481012,0.7155246181,152.7453688,4.392979675,0.2586349391,3.103747324,0.1507574019,3.615771012,0.1507574019,2.141504127,3.069015873,0.546755139,24.70566444,4.535682548,1181.728121,142.981888,153.207001,159.1841713,69.38409466,200,0.002299456907,0.01790984466,200,0.999254947,6.367408127,12.86063992,0.2402020794,0.322131096,
2023/06/06,13:53:31,D:\Data\DMTA-sharks_MerleGreif\analysis\EAVP\DMTAsharks_EAVP_processing_20x --- C.con_F - CC_F_loc4_20x_meas3.mnt,CC_F_loc4_20x_meas3,D:\Data\DMTA-sharks_MerleGreif\C.con_F\CC_F_loc4_20x_meas3.plux,05/05/2023 11:34:33,Surface+image,X,876.5549741,1360,0.6449999809,Y,659.8349805,1024,0.6449999809,Z,Topography,244.75486,24475486,1e-05,2.872314453,CC_F_loc4_20x_meas3 > Topography layer,0.6449999809,0.6449999809,CC_F_loc4_20x_meas3 > Topography layer > Leveled (LS-plane) > Waviness (S-F) (Robust Gaussian  order 0  2.500 µm) > Form removed (LS-poly 2) > Outliers removed > Thresholded (0.1000 % ; 99.90 %),4.74135455,3.348900875,-2.044070495,13.37489023,8.54156,24.88085,33.42241,2.22581265,0.2304227105,3.473842631,7.12049081,68.80703239,0.7116575589,152.7483139,4.392979675,0.2585085919,3.100877341,0.1498841861,3.623725956,0.1498841861,2.140498748,3.073251252,0.5504747041,25.29669,4.542682224,1179.825448,142.9775276,153.2144096,159.1898316,69.43102554,200,0.002263776687,0.01793693615,200,0.9992185976,6.315912289,12.86063992,0.2813443869,0.3481192576,
2023/06/06,13:58:24,D:\Data\DMTA-sharks_MerleGreif\analysis\EAVP\DMTAsharks_EAVP_processing_20x --- C.con_G - CC_G_loc1_20x_meas1.mnt,CC_G_loc1_20x_meas1,D:\Data\DMTA-sharks_MerleGreif\C.con_G\CC_G_loc1_20x_meas1.plux,05/05/2023 12:01:32,Surface+image,X,876.5549741,1360,0.6449999809,Y,659.8349805,1024,0.6449999809,Z,Topography,361.09106,36109106,1e-05,8.519287109,CC_G_loc1_20x_meas1 > Topography layer,0.6449999809,0.6449999809,CC_G_loc1_20x_meas1 > Topography layer > Leveled (LS-plane) > Waviness (S-F) (Robust Gaussian  order 0  2.500 µm) > Form removed (LS-poly 2) > Outliers removed > Thresholded (0.1000 % ; 99.90 %),14.15886374,3.831599162,-0.02785394397,4.162282328,13.90654,20.52506,34.4316,2.979399135,0.1630119767,4.68636035,7.021830974,67.64921344,0.2428474843,48.99994327,4.392979675,0.2794591,3.659057889,0.2168759718,4.903234925,0.2168759718,3.333356357,4.497403643,0.4058312822,33.37129,11.73116144,1553.514293,56.51287759,37.0491523,48.52610062,14.71783696,200,0.003150689757,0.01713108923,200,0.9991092958,10.66051165,10.49946577,0.3713774907,0.3698909264,
2023/06/06,14:03:17,D:\Data\DMTA-sharks_MerleGreif\analysis\EAVP\DMTAsharks_EAVP_processing_20x --- C.con_G - CC_G_loc1_20x_meas2.mnt,CC_G_loc1_20x_meas2,D:\Data\DMTA-sharks_MerleGreif\C.con_G\CC_G_loc1_20x_meas2.plux,05/05/2023 12:06:07,Surface+image,X,876.5549741,1360,0.6449999809,Y,659.8349805,1024,0.6449999809,Z,Topography,361.92249,36192249,1e-05,8.606387868,CC_G_loc1_20x_meas2 > Topography layer,0.6449999809,0.6449999809,CC_G_loc1_20x_meas2 > Topography layer > Leveled (LS-plane) > Waviness (S-F) (Robust Gaussian  order 0  2.500 µm) > Form removed (LS-poly 2) > Outliers removed > Thresholded (0.1000 % ; 99.90 %),14.31927849,3.917362697,-0.07441871839,4.53942952,14.41594,21.41902,35.83496,3.021416666,0.1523651133,4.730034416,7.098045537,67.51067865,0.2419391359,48.75280591,4.392979675,0.2810285233,3.703810742,0.2303457197,4.960376557,0.2303457197,3.354784135,4.540525865,0.4198506916,35.06076,12.13214128,1559.003974,20.80111201,90.02899685,56.50924169,14.70804884,200,0.003274479037,0.01721535895,200,0.9992308596,10.79453926,11.23394588,0.3293915199,0.3461088391,
2023/06/06,14:08:09,D:\Data\DMTA-sharks_MerleGreif\analysis\EAVP\DMTAsharks_EAVP_processing_20x --- C.con_G - CC_G_loc1_20x_meas3.mnt,CC_G_loc1_20x_meas3,D:\Data\DMTA-sharks_MerleGreif\C.con_G\CC_G_loc1_20x_meas3.plux,05/05/2023 12:10:25,Surface+image,X,876.5549741,1360,0.6449999809,Y,659.8349805,1024,0.6449999809,Z,Topography,362.4401,36244010,1e-05,8.628504136,CC_G_loc1_20x_meas3 > Topography layer,0.6449999809,0.6449999809,CC_G_loc1_20x_meas3 > Topography layer > Leveled (LS-plane) > Waviness (S-F) (Robust Gaussian  order 0  2.500 µm) > Form removed (LS-poly 2) > Outliers removed > Thresholded (0.1000 % ; 99.90 %),14.37535903,3.956214192,-0.09104073908,4.678360838,14.62652,21.5174,36.14392,3.041489267,0.1435445403,4.750139773,7.148923436,67.5924296,0.2418386925,49.00263031,4.392979675,0.2817113245,3.723635387,0.2370187736,4.987162516,0.2370187736,3.365603197,4.561036803,0.4261257137,36.04415,12.30577978,1563.54467,20.80957987,37.043991,90.0002316,14.70241497,200,0.003132418642,0.0172027457,200,0.9994871099,11.15519389,10.49946577,0.3700719317,0.3542086432,
2023/06/06,14:13:02,D:\Data\DMTA-sharks_MerleGreif\analysis\EAVP\DMTAsharks_EAVP_processing_20x --- C.con_G - CC_G_loc2_20x_meas1.mnt,CC_G_loc2_20x_meas1,D:\Data\DMTA-sharks_MerleGreif\C.con_G\CC_G_loc2_20x_meas1.plux,05/05/2023 12:32:00,Surface+image,X,876.5549741,1360,0.6449999809,Y,659.8349805,1024,0.6449999809,Z,Topography,305.28598,30528598,1e-05,10.61250574,CC_G_loc2_20x_meas1 > Topography layer,0.6449999809,0.6449999809,CC_G_loc2_20x_meas1 > Topography layer > Leveled (LS-plane) > Waviness (S-F) (Robust Gaussian  order 0  2.500 µm) > Form removed (LS-poly 2) > Outliers removed > Thresholded (0.1000 % ; 99.90 %),16.64493336,5.03080781,0.03483252606,3.65675563,16.44126,22.32031,38.76157,3.895822552,0.1161199737,6.510856718,9.292827602,72.47441203,0.4001601049,13.01306318,3.294734756,0.3141699238,4.556864101,0.285216114,6.796073992,0.285216114,4.237897731,6.216932269,0.5791417228,43.52019,14.3091472,1612.896871,142.9950843,179.9977586,37.00100128,17.49712646,200,0.001958391226,0.01798980506,200,0.9991776061,13.79999188,12.01980586,0.2208446365,0.3003222045,
2023/06/06,14:17:54,D:\Data\DMTA-sharks_MerleGreif\analysis\EAVP\DMTAsharks_EAVP_processing_20x --- C.con_G - CC_G_loc2_20x_meas2.mnt,CC_G_loc2_20x_meas2,D:\Data\DMTA-sharks_MerleGreif\C.con_G\CC_G_loc2_20x_meas2.plux,05/05/2023 12:35:43,Surface+image,X,876.5549741,1360,0.6449999809,Y,659.8349805,1024,0.6449999809,Z,Topography,302.90451,30290451,1e-05,10.63541188,CC_G_loc2_20x_meas2 > Topography layer,0.6449999809,0.6449999809,CC_G_loc2_20x_meas2 > Topography layer > Leveled (LS-plane) > Waviness (S-F) (Robust Gaussian  order 0  2.500 µm) > Form removed (LS-poly 2) > Outliers removed > Thresholded (0.1000 % ; 99.90 %),16.68234432,5.035227322,0.03258881173,3.664248833,16.43399,22.28138,38.71537,3.897808101,0.1167589916,6.525011424,9.300655236,72.47736772,0.4004102577,13.24569263,3.294734756,0.3138105929,4.544271703,0.2847945063,6.809810445,0.2847945063,4.239399838,6.230120162,0.5796902827,39.11456,14.32970456,1621.156279,142.9945594,179.9946982,36.99645162,17.50780129,200,0.001841391127,0.01796781604,200,0.999295364,13.86508259,12.01980586,0.2129249562,0.3004781905,
2023/06/06,14:22:45,D:\Data\DMTA-sharks_MerleGreif\analysis\EAVP\DMTAsharks_EAVP_processing_20x --- C.con_G - CC_G_loc2_20x_meas3.mnt,CC_G_loc2_20x_meas3,D:\Data\DMTA-sharks_MerleGreif\C.con_G\CC_G_loc2_20x_meas3.plux,05/05/2023 12:41:40,Surface+image,X,876.5549741,1360,0.6449999809,Y,659.8349805,1024,0.6449999809,Z,Topography,303.56375,30356375,1e-05,10.64560834,CC_G_loc2_20x_meas3 > Topography layer,0.6449999809,0.6449999809,CC_G_loc2_20x_meas3 > Topography layer > Leveled (LS-plane) > Waviness (S-F) (Robust Gaussian  order 0  2.500 µm) > Form removed (LS-poly 2) > Outliers removed > Thresholded (0.1000 % ; 99.90 %),16.70826631,5.043483068,0.03216670384,3.674934282,16.46348,22.22181,38.68529,3.90321197,0.1146136565,6.5355557,9.298490972,72.46132006,0.4019704366,13.0118277,3.294734756,0.3139761758,4.551854355,0.2856469232,6.821206688,0.2856469232,4.245909382,6.241870618,0.5793360694,40.95919,14.35018369,1622.034133,142.9971088,0.01163812675,37.00345273,17.51155549,200,0.001839213131,0.01794899247,200,0.9989557465,13.90767606,11.23394588,0.2123366179,0.3082289134,
2023/06/06,14:27:35,D:\Data\DMTA-sharks_MerleGreif\analysis\EAVP\DMTAsharks_EAVP_processing_20x --- C.con_G - CC_G_loc3_20x_meas1.mnt,CC_G_loc3_20x_meas1,D:\Data\DMTA-sharks_MerleGreif\C.con_G\CC_G_loc3_20x_meas1.plux,05/05/2023 14:05:13,Surface+image,X,876.5549741,1360,0.6449999809,Y,659.8349805,1024,0.6449999809,Z,Topography,158.22642,15822642,1e-05,4.76160386,CC_G_loc3_20x_meas1 > Topography layer,0.6449999809,0.6449999809,CC_G_loc3_20x_meas1 > Topography layer > Leveled (LS-plane) > Waviness (S-F) (Robust Gaussian  order 0  2.500 µm) > Form removed (LS-poly 2) > Outliers removed > Thresholded (0.1000 % ; 99.90 %),8.753303079,2.178521304,-0.2157127122,3.157553615,7.29174,7.02134,14.31308,1.71307101,0.217272944,2.570116636,4.87167607,49.03270158,0.1365087702,46.99554509,4.392979675,0.2407939189,2.715519412,0.1066331969,2.67674911,0.1066331969,1.93142965,2.38171035,0.2950387599,12.98598,6.407085613,1419.386851,36.98983998,89.99256353,0.01475796603,8.750937769,200,0.002239245052,0.01800464739,200,0.9991365412,7.98310829,9.813006266,0.3279257685,0.4148292402,
2023/06/06,14:32:25,D:\Data\DMTA-sharks_MerleGreif\analysis\EAVP\DMTAsharks_EAVP_processing_20x --- C.con_G - CC_G_loc3_20x_meas2.mnt,CC_G_loc3_20x_meas2,D:\Data\DMTA-sharks_MerleGreif\C.con_G\CC_G_loc3_20x_meas2.plux,05/05/2023 14:07:45,Surface+image,X,876.5549741,1360,0.6449999809,Y,659.8349805,1024,0.6449999809,Z,Topography,158.26155,15826155,1e-05,4.75449506,CC_G_loc3_20x_meas2 > Topography layer,0.6449999809,0.6449999809,CC_G_loc3_20x_meas2 > Topography layer > Leveled (LS-plane) > Waviness (S-F) (Robust Gaussian  order 0  2.500 µm) > Form removed (LS-poly 2) > Outliers removed > Thresholded (0.1000 % ; 99.90 %),8.745691636,2.175477082,-0.2161491568,3.161755215,7.2724,7.03822,14.31062,1.709912254,0.2233876636,2.564397072,4.864175654,48.96839287,0.136488242,46.99635804,4.392979675,0.2406104662,2.711331957,0.106823767,2.671219951,0.106823767,1.925811605,2.375958395,0.2952615555,12.85104,6.377943452,1419.82568,36.99122187,89.98724082,0.01626383774,8.749797664,200,0.002294063528,0.01801809339,200,0.9991268426,8.002533411,9.813006266,0.325617843,0.4206167949,
2023/06/06,14:37:15,D:\Data\DMTA-sharks_MerleGreif\analysis\EAVP\DMTAsharks_EAVP_processing_20x --- C.con_G - CC_G_loc3_20x_meas3.mnt,CC_G_loc3_20x_meas3,D:\Data\DMTA-sharks_MerleGreif\C.con_G\CC_G_loc3_20x_meas3.plux,05/05/2023 14:10:12,Surface+image,X,876.5549741,1360,0.6449999809,Y,659.8349805,1024,0.6449999809,Z,Topography,158.09272,15809272,1e-05,4.727998621,CC_G_loc3_20x_meas3 > Topography layer,0.6449999809,0.6449999809,CC_G_loc3_20x_meas3 > Topography layer > Leveled (LS-plane) > Waviness (S-F) (Robust Gaussian  order 0  2.500 µm) > Form removed (LS-poly 2) > Outliers removed > Thresholded (0.1000 % ; 99.90 %),8.697725184,2.170127278,-0.2169419867,3.170232356,7.27975,7.00697,14.28672,1.703800389,0.2150711172,2.558616399,4.857348186,48.93144098,0.1365842961,54.49269311,4.392979675,0.2405098595,2.708409821,0.1069141492,2.665530592,0.1069141492,1.91845847,2.37006153,0.2954690613,12.96618,6.371612052,1418.586293,36.99891729,89.98406899,0.02148327781,8.749079081,200,0.002286420775,0.01800750587,200,0.999087096,7.938532888,9.813006266,0.3205227827,0.4187295331,
2023/06/06,14:42:05,D:\Data\DMTA-sharks_MerleGreif\analysis\EAVP\DMTAsharks_EAVP_processing_20x --- MM_A - MM_A_loc1_20x_meas1.mnt,MM_A_loc1_20x_meas1,D:\Data\DMTA-sharks_MerleGreif\MM_A\MM_A_loc1_20x_meas1.plux,05/05/2023 14:26:59,Surface+image,X,876.5549741,1360,0.6449999809,Y,659.8349805,1024,0.6449999809,Z,Topography,295.17181,29517181,1e-05,8.025404986,MM_A_loc1_20x_meas1 > Topography layer,0.6449999809,0.6449999809,MM_A_loc1_20x_meas1 > Topography layer > Leveled (LS-plane) > Waviness (S-F) (Robust Gaussian  order 0  2.500 µm) > Form removed (LS-poly 2) > Outliers removed > Thresholded (0.1000 % ; 99.90 %),13.56545841,2.657942176,-0.4831416634,2.971390845,6.11994,10.23027,16.35021,2.150281591,0.7395583868,3.229425188,6.091423758,59.30926011,0.4403940634,30.7513144,4.392979675,0.2677180938,3.387314008,0.0773772079,3.306803751,0.0773772079,2.473745122,2.950664878,0.3561388728,14.58698,5.23931907,1511.313907,37.00225227,0.01821190766,56.49074605,30.28760594,200,0.003840234016,0.0186459124,200,0.9988111515,9.364145177,8.011368327,0.2442476285,0.280858762,
2023/06/06,14:46:56,D:\Data\DMTA-sharks_MerleGreif\analysis\EAVP\DMTAsharks_EAVP_processing_20x --- MM_A - MM_A_loc1_20x_meas2.mnt,MM_A_loc1_20x_meas2,D:\Data\DMTA-sharks_MerleGreif\MM_A\MM_A_loc1_20x_meas2.plux,05/05/2023 14:31:14,Surface+image,X,876.5549741,1360,0.6449999809,Y,659.8349805,1024,0.6449999809,Z,Topography,279.82565,27982565,1e-05,6.22608858,MM_A_loc1_20x_meas2 > Topography layer,0.6449999809,0.6449999809,MM_A_loc1_20x_meas2 > Topography layer > Leveled (LS-plane) > Waviness (S-F) (Robust Gaussian  order 0  2.500 µm) > Form removed (LS-poly 2) > Outliers removed > Thresholded (0.1000 % ; 99.90 %),10.57588465,2.728396095,-0.5295357461,3.003249139,6.10356,10.24598,16.34954,2.206638398,0.8068488126,3.288283782,6.428404403,60.91198727,0.4435970217,31.99445274,4.392979675,0.2616203582,3.235507333,0.07630640197,3.364593864,0.07630640197,2.539130839,2.990079161,0.3745147032,14.27512,5.002499045,1427.984519,36.98717047,56.48719751,0.02553559031,30.1556079,200,0.003907438853,0.01857490918,200,0.9988581896,8.335484853,7.487581688,0.2552875919,0.2856973557,
2023/06/06,14:51:45,D:\Data\DMTA-sharks_MerleGreif\analysis\EAVP\DMTAsharks_EAVP_processing_20x --- MM_A - MM_A_loc2_20x_meas1.mnt,MM_A_loc2_20x_meas1,D:\Data\DMTA-sharks_MerleGreif\MM_A\MM_A_loc2_20x_meas1.plux,05/05/2023 14:50:16,Surface+image,X,876.5549741,1360,0.6449999809,Y,659.8349805,1024,0.6449999809,Z,Topography,284.9769,28497690,1e-05,26.00873162,MM_A_loc2_20x_meas1 > Topography layer,0.6449999809,0.6449999809,MM_A_loc2_20x_meas1 > Topography layer > Leveled (LS-plane) > Waviness (S-F) (Robust Gaussian  order 0  2.500 µm) > Form removed (LS-poly 2) > Outliers removed > Thresholded (0.1000 % ; 99.90 %),34.82867073,4.209778924,-0.07764045619,2.225189651,13.00095,10.18307,23.18402,3.539948618,0.09071504701,5.350372904,8.117612164,83.63834096,*****,125.7469993,4.392979675,0.2769709287,3.649547312,0.1377200763,5.488089115,0.1377200763,4.426539155,5.121300845,0.36678827,26.23887,12.02222051,2070.068454,89.9843708,123.4806008,142.9952467,49.82441469,200,0.002742301119,0.01709631196,200,0.9993152962,8.21604836,7.487581688,0.1511854463,0.2549091681,
2023/06/06,14:56:35,D:\Data\DMTA-sharks_MerleGreif\analysis\EAVP\DMTAsharks_EAVP_processing_20x --- MM_A - MM_A_loc2_20x_meas2.mnt,MM_A_loc2_20x_meas2,D:\Data\DMTA-sharks_MerleGreif\MM_A\MM_A_loc2_20x_meas2.plux,05/05/2023 14:53:44,Surface+image,X,876.5549741,1360,0.6449999809,Y,659.8349805,1024,0.6449999809,Z,Topography,272.29541,27229541,1e-05,24.89688649,MM_A_loc2_20x_meas2 > Topography layer,0.6449999809,0.6449999809,MM_A_loc2_20x_meas2 > Topography layer > Leveled (LS-plane) > Waviness (S-F) (Robust Gaussian  order 0  2.500 µm) > Form removed (LS-poly 2) > Outliers removed > Thresholded (0.1000 % ; 99.90 %),33.24348001,4.201849853,-0.1032071684,2.20839972,11.46542,10.26848,21.7339,3.538073793,0.1498844558,5.23594681,8.154012344,94.03892947,*****,125.7431022,4.392979675,0.2615644413,3.266023756,0.1544232538,5.390374804,0.1544232538,4.447744125,5.023585875,0.3667889294,24.42575,10.61629196,1986.460285,90.01303858,143.0109564,179.9973975,60.86223926,200,0.003054195374,0.01776672773,200,0.9989693496,6.946076191,8.571795962,0.1515935683,0.2462709733,
2023/06/06,15:01:24,D:\Data\DMTA-sharks_MerleGreif\analysis\EAVP\DMTAsharks_EAVP_processing_20x --- MM_A - MM_A_loc3_20x_meas1.mnt,MM_A_loc3_20x_meas1,D:\Data\DMTA-sharks_MerleGreif\MM_A\MM_A_loc3_20x_meas1.plux,05/05/2023 15:11:40,Surface+image,X,876.5549741,1360,0.6449999809,Y,659.8349805,1024,0.6449999809,Z,Topography,107.18588,10718588,1e-05,0.7242359835,MM_A_loc3_20x_meas1 > Topography layer,0.6449999809,0.6449999809,MM_A_loc3_20x_meas1 > Topography layer > Leveled (LS-plane) > Waviness (S-F) (Robust Gaussian  order 0  2.500 µm) > Form removed (LS-poly 2) > Outliers removed > Thresholded (0.1000 % ; 99.90 %),1.489760455,2.643099398,-0.7286284918,4.120770595,5.81694,15.63079,21.44773,2.093496157,0.9268388669,3.14107752,6.292799803,62.84931181,0.4186016431,100.9900074,4.392979675,0.2240462909,2.351404155,0.07936544221,3.220438799,0.07936544221,2.445143624,2.862886376,0.3575524229,16.51872,2.84834117,1008.179825,90.01243783,37.00673242,26.77338261,49.9243608,200,0.00142256689,0.01706975063,200,0.9987302552,4.228793916,10.49946577,0.3725582375,0.4066506898,
2023/06/06,15:06:14,D:\Data\DMTA-sharks_MerleGreif\analysis\EAVP\DMTAsharks_EAVP_processing_20x --- MM_A - MM_A_loc3_20x_meas2.mnt,MM_A_loc3_20x_meas2,D:\Data\DMTA-sharks_MerleGreif\MM_A\MM_A_loc3_20x_meas2.plux,05/05/2023 15:13:44,Surface+image,X,876.5549741,1360,0.6449999809,Y,659.8349805,1024,0.6449999809,Z,Topography,106.34537,10634537,1e-05,0.7209329044,MM_A_loc3_20x_meas2 > Topography layer,0.6449999809,0.6449999809,MM_A_loc3_20x_meas2 > Topography layer > Leveled (LS-plane) > Waviness (S-F) (Robust Gaussian  order 0  2.500 µm) > Form removed (LS-poly 2) > Outliers removed > Thresholded (0.1000 % ; 99.90 %),1.480282054,2.640986196,-0.7303039638,4.120523133,5.81841,15.62441,21.44282,2.093637958,0.8257951124,3.146311062,6.292128855,63.07183233,0.4177472272,100.9900022,4.392979675,0.2237482401,2.346110906,0.07746026129,3.22376795,0.07746026129,2.435325574,2.864924426,0.3588435243,15.9235225,2.842155447,1006.936913,90.00191031,37.00923974,26.76636465,50.14804345,200,0.001371066594,0.01708079923,200,0.9990570237,4.166633784,9.813006266,0.3824956867,0.4044793089,
2023/06/06,15:11:04,D:\Data\DMTA-sharks_MerleGreif\analysis\EAVP\DMTAsharks_EAVP_processing_20x --- MM_A - MM_A_loc4_20x_meas1.mnt,MM_A_loc4_20x_meas1,D:\Data\DMTA-sharks_MerleGreif\MM_A\MM_A_loc4_20x_meas1.plux,05/05/2023 15:25:19,Surface+image,X,876.5549741,1360,0.6449999809,Y,659.8349805,1024,0.6449999809,Z,Topography,120.45434,12045434,1e-05,0.9210564108,MM_A_loc4_20x_meas1 > Topography layer,0.6449999809,0.6449999809,MM_A_loc4_20x_meas1 > Topography layer > Leveled (LS-plane) > Waviness (S-F) (Robust Gaussian  order 0  2.500 µm) > Form removed (LS-poly 2) > Outliers removed > Thresholded (0.1000 % ; 99.90 %),1.795295267,2.125838873,-0.6645251373,4.14938877,6.07555,10.67671,16.75226,1.66489828,0.3311021061,2.4673831,4.893515987,65.39674923,0.2331894867,95.00221763,4.392979675,0.2011643521,1.915840473,0.07673087249,2.544111896,0.07673087249,1.909209142,2.250530858,0.2935810372,10.96304,2.347306722,1064.718331,90.01722936,95.68103018,100.8334318,42.59783674,200,0.002311780419,0.01666822952,200,0.9989156261,3.757068018,12.86063992,0.3753697621,0.6030340669,
2023/06/06,15:15:55,D:\Data\DMTA-sharks_MerleGreif\analysis\EAVP\DMTAsharks_EAVP_processing_20x --- MM_A - MM_A_loc4_20x_meas2.mnt,MM_A_loc4_20x_meas2,D:\Data\DMTA-sharks_MerleGreif\MM_A\MM_A_loc4_20x_meas2.plux,05/05/2023 15:27:55,Surface+image,X,876.5549741,1360,0.6449999809,Y,659.8349805,1024,0.6449999809,Z,Topography,120.32591,12032591,1e-05,0.9137321921,MM_A_loc4_20x_meas2 > Topography layer,0.6449999809,0.6449999809,MM_A_loc4_20x_meas2 > Topography layer > Leveled (LS-plane) > Waviness (S-F) (Robust Gaussian  order 0  2.500 µm) > Form removed (LS-poly 2) > Outliers removed > Thresholded (0.1000 % ; 99.90 %),1.776051241,2.104905845,-0.6844634655,4.197227402,5.93676,10.65947,16.59623,1.647985467,0.3495666889,2.450628004,4.856791578,64.94777407,0.2396840594,95.00190229,4.392979675,0.2002652466,1.89943756,0.07391615818,2.524542744,0.07391615818,1.883375823,2.231824177,0.2927185666,10.9708,2.345173854,1065.143667,90.01215023,95.67753782,100.8343381,43.44657222,200,0.002344660376,0.01667215488,200,0.9992590067,3.736604071,10.49946577,0.3763058846,0.5714911224,
2023/06/06,15:20:46,D:\Data\DMTA-sharks_MerleGreif\analysis\EAVP\DMTAsharks_EAVP_processing_20x --- MM_B - MM_B_loc1_20x_meas1.mnt,MM_B_loc1_20x_meas1,D:\Data\DMTA-sharks_MerleGreif\MM_B\MM_B_loc1_20x_meas1.plux,05/05/2023 15:43:11,Surface+image,X,876.5549741,1360,0.6449999809,Y,659.8349805,1024,0.6449999809,Z,Topography,236.86278,23686278,1e-05,4.478759766,MM_B_loc1_20x_meas1 > Topography layer,0.6449999809,0.6449999809,MM_B_loc1_20x_meas1 > Topography layer > Leveled (LS-plane) > Waviness (S-F) (Robust Gaussian  order 0  2.500 µm) > Form removed (LS-poly 2) > Outliers removed > Thresholded (0.1000 % ; 99.90 %),8.344726563,3.343397823,0.08039721962,3.005418023,10.07359,11.71043,21.78402,2.682549225,0.2999565442,4.233128294,6.15087445,73.3558859,0.3302111352,79.74323728,4.392979675,0.2766583209,3.490738006,0.1762820213,4.409406864,0.1762820213,2.979176126,4.057113874,0.3522929907,21.99785,8.456282296,1406.827583,89.97709262,37.02721207,142.9860613,33.18967935,200,0.001037311729,0.01738087444,200,0.9989709105,11.00471282,15.75280713,0.4306385625,0.5113984615,
2023/06/06,15:25:37,D:\Data\DMTA-sharks_MerleGreif\analysis\EAVP\DMTAsharks_EAVP_processing_20x --- MM_B - MM_B_loc1_20x_meas2.mnt,MM_B_loc1_20x_meas2,D:\Data\DMTA-sharks_MerleGreif\MM_B\MM_B_loc1_20x_meas2.plux,05/05/2023 15:47:09,Surface+image,X,876.5549741,1360,0.6449999809,Y,659.8349805,1024,0.6449999809,Z,Topography,236.41191,23641191,1e-05,4.340963925,MM_B_loc1_20x_meas2 > Topography layer,0.6449999809,0.6449999809,MM_B_loc1_20x_meas2 > Topography layer > Leveled (LS-plane) > Waviness (S-F) (Robust Gaussian  order 0  2.500 µm) > Form removed (LS-poly 2) > Outliers removed > Thresholded (0.1000 % ; 99.90 %),8.117603975,3.339435263,0.07618466223,3.002984181,10.08045,11.62994,21.71039,2.678978372,0.2836132426,4.230188039,6.155156059,73.45216492,0.3312247041,79.49886635,4.392979675,0.2766600805,3.494423899,0.1753540635,4.405538044,0.1753540635,2.976945779,4.053124221,0.3524138237,22.0298,8.433910662,1398.100106,89.9680758,37.03095893,142.9866956,33.1170089,200,0.000983379933,0.01739545567,200,0.9991097285,11.01180027,15.75280713,0.4293755986,0.5227611856,
2023/06/06,15:30:28,D:\Data\DMTA-sharks_MerleGreif\analysis\EAVP\DMTAsharks_EAVP_processing_20x --- MM_B - MM_B_loc2_20x_meas1.mnt,MM_B_loc2_20x_meas1,D:\Data\DMTA-sharks_MerleGreif\MM_B\MM_B_loc2_20x_meas1.plux,05/05/2023 16:07:00,Surface+image,X,876.5549741,1360,0.6449999809,Y,659.8349805,1024,0.6449999809,Z,Topography,168.30265,16830265,1e-05,5.057660271,MM_B_loc2_20x_meas1 > Topography layer,0.6449999809,0.6449999809,MM_B_loc2_20x_meas1 > Topography layer > Leveled (LS-plane) > Waviness (S-F) (Robust Gaussian  order 0  2.500 µm) > Form removed (LS-poly 2) > Outliers removed > Thresholded (0.1000 % ; 99.90 %),8.228257123,3.902118554,0.1162583587,3.347491486,14.22839,13.24577,27.47416,3.061966173,0.1189941973,5.113075022,7.93210912,68.24818067,0.2487381188,12.75229592,4.392979675,0.2502599952,2.903021372,0.1986185752,5.311695079,0.1986185752,3.353025446,4.870104554,0.4415905252,28.57209,12.26355124,1319.196636,12.76010569,89.99535183,37.01378184,83.41240317,200,0.0009170725703,0.01808038417,200,0.9990481554,9.105455856,14.72288196,0.3112914371,0.4822418893,
2023/06/06,15:35:19,D:\Data\DMTA-sharks_MerleGreif\analysis\EAVP\DMTAsharks_EAVP_processing_20x --- MM_B - MM_B_loc2_20x_meas2.mnt,MM_B_loc2_20x_meas2,D:\Data\DMTA-sharks_MerleGreif\MM_B\MM_B_loc2_20x_meas2.plux,05/05/2023 16:09:31,Surface+image,X,876.5549741,1360,0.6449999809,Y,659.8349805,1024,0.6449999809,Z,Topography,168.49757,16849757,1e-05,5.043514476,MM_B_loc2_20x_meas2 > Topography layer,0.6449999809,0.6449999809,MM_B_loc2_20x_meas2 > Topography layer > Leveled (LS-plane) > Waviness (S-F) (Robust Gaussian  order 0  2.500 µm) > Form removed (LS-poly 2) > Outliers removed > Thresholded (0.1000 % ; 99.90 %),8.202406939,3.931345061,0.1276281157,3.349799855,14.39537,13.14927,27.54464,3.084698468,0.1093545889,5.168281251,7.979955774,68.48277105,0.2491878708,12.74976274,4.392979675,0.250972537,2.914011749,0.2003464574,5.368628673,0.2003464574,3.381427106,4.928102894,0.4405257787,28.34821,12.40824217,1313.279908,12.75424079,89.99786009,0.02709485512,83.43887241,200,0.0008929955706,0.01807640937,200,0.9988095063,9.069678274,13.76029373,0.2989904031,0.4836922003,
2023/06/06,15:40:09,D:\Data\DMTA-sharks_MerleGreif\analysis\EAVP\DMTAsharks_EAVP_processing_20x --- MM_B - MM_B_loc3_20x_meas1.mnt,MM_B_loc3_20x_meas1,D:\Data\DMTA-sharks_MerleGreif\MM_B\MM_B_loc3_20x_meas1.plux,05/05/2023 16:27:11,Surface+image,X,876.5549741,1360,0.6449999809,Y,659.8349805,1024,0.6449999809,Z,Topography,86.300442,86300442,1e-06,7.047549977,MM_B_loc3_20x_meas1 > Topography layer,0.6449999809,0.6449999809,MM_B_loc3_20x_meas1 > Topography layer > Leveled (LS-plane) > Waviness (S-F) (Robust Gaussian  order 0  2.500 µm) > Form removed (LS-poly 2) > Outliers removed > Thresholded (0.1000 % ; 99.90 %),10.95128676,6.465205207,0.2620819396,3.286573796,18.47318,29.29404,47.76722,5.047660774,0.2706882043,8.810596442,10.64835366,71.36696198,0.2605706858,126.0060618,4.392979675,0.3189682653,4.544643028,0.364366211,9.174962772,0.364366211,5.568032296,8.530399704,0.6445630687,44.900604,17.02037803,1355.218977,89.9781567,123.485749,36.99436659,21.67727354,200,0.002994984243,0.01643920157,200,0.9992441968,15.16712263,40.59473542,0.2368924295,0.5408776048,
2023/06/06,15:45:01,D:\Data\DMTA-sharks_MerleGreif\analysis\EAVP\DMTAsharks_EAVP_processing_20x --- MM_B - MM_B_loc3_20x_meas2.mnt,MM_B_loc3_20x_meas2,D:\Data\DMTA-sharks_MerleGreif\MM_B\MM_B_loc3_20x_meas2.plux,05/05/2023 16:29:10,Surface+image,X,876.5549741,1360,0.6449999809,Y,659.8349805,1024,0.6449999809,Z,Topography,86.33266,86332660,1e-06,7.017822266,MM_B_loc3_20x_meas2 > Topography layer,0.6449999809,0.6449999809,MM_B_loc3_20x_meas2 > Topography layer > Leveled (LS-plane) > Waviness (S-F) (Robust Gaussian  order 0  2.500 µm) > Form removed (LS-poly 2) > Outliers removed > Thresholded (0.1000 % ; 99.90 %),10.90568991,6.456249473,0.2645262961,3.287148587,18.474506,29.295038,47.769544,5.039890272,0.2676131414,8.793373355,10.63618338,71.32390885,0.2603727609,126.0054264,4.392979675,0.3192632201,4.548719961,0.3647981701,9.158171407,0.3647981701,5.56260654,8.51529746,0.6428739464,44.468343,17.01621132,1348.031432,89.97229281,123.4861139,36.99357362,21.67403719,200,0.002972181084,0.01645022599,200,0.9993863224,15.28816545,40.59473542,0.2320036481,0.5135928541,
